"Track URI","Track Name","Artist URI(s)","Artist Name(s)","Album URI","Album Name","Album Artist URI(s)","Album Artist Name(s)","Album Release Date","Album Image URL","Disc Number","Track Number","Track Duration (ms)","Track Preview URL","Explicit","Popularity","Added By","Added At"
"spotify:track:7qiZfU4dY1lWllzX7mPBI3","Shape of You","spotify:artist:6eUKZXaKkcviH0Ku9w2n3V","Ed Sheeran","spotify:album:3T4tUhGYeRNVUGevb0wThu","÷ (Deluxe)","spotify:artist:6eUKZXaKkcviH0Ku9w2n3V","Ed Sheeran","2017-03-03","https://i.scdn.co/image/ab67616d0000b273ba5db46f4b838ef6027e6f96","1","4","233712","https://p.scdn.co/mp3-preview/84462d8e1e4d0f9e5ccd06f0da390f65843774a2?cid=9950ac751e34487dbbe027c4fd7f8e99","false","86","spotify:user:","2021-06-17T14:36:26Z"
"spotify:track:0VjIjW4GlUZAMYd2vXMi3b","Blinding Lights","spotify:artist:1Xyo4u8uXC1ZmMpatF05PJ","The Weeknd","spotify:album:4yP0hdKOZPNshxUOjY0cZj","After Hours","spotify:artist:1Xyo4u8uXC1ZmMpatF05PJ","The Weeknd","2020-03-20","https://i.scdn.co/image/ab67616d0000b2738863bc11d2aa12b54f5aeb36","1","9","200040","","false","94","spotify:user:","2021-06-17T14:36:26Z"
"spotify:track:2XU0oxnq2qxCpomAAuJY8K","Dance Monkey","spotify:artist:2NjfBq1NflQcKSeiDooVjY","Tones And I","spotify:album:0UywfDKYlyiu1b38DRrzYD","Dance Monkey (Stripped Back) / Dance Monkey","spotify:artist:2NjfBq1NflQcKSeiDooVjY","Tones And I","2019-10-17","https://i.scdn.co/image/ab67616d0000b273c6f7af36ecdc3ed6e0a1f169","1","2","209438","https://p.scdn.co/mp3-preview/535ffea66207a0fc07d57fbaea7b5594be797f9b?cid=9950ac751e34487dbbe027c4fd7f8e99","false","86","spotify:user:","2021-06-17T14:36:26Z"
"spotify:track:0e7ipj03S05BNilyu5bRzt","rockstar (feat. 21 Savage)","spotify:artist:246dkjvS1zLTtiykXe5h60, spotify:artist:1URnnhqYAYcrqrcwql10ft","Post Malone, 21 Savage","spotify:album:6trNtQUgC8cgbWcqoMYkOR","beerbongs & bentleys","spotify:artist:246dkjvS1zLTtiykXe5h60","Post Malone","2018-04-27","https://i.scdn.co/image/ab67616d0000b273b1c4b76e23414c9f20242268","1","6","218146","","true","84","spotify:user:","2021-06-17T14:36:26Z"
"spotify:track:1zi7xx7UVEFkmKfv06H8x0","One Dance","spotify:artist:3TVXtAsR1Inumwj472S9r4, spotify:artist:3tVQdUvClmAT7URs9V3rsp, spotify:artist:77DAFfvm3O9zT5dIoG0eIO","Drake, WizKid, Kyla","spotify:album:40GMAhriYJRO1rsY4YdrZb","Views","spotify:artist:3TVXtAsR1Inumwj472S9r4","Drake","2016-05-06","https://i.scdn.co/image/ab67616d0000b2739416ed64daf84936d89e671c","1","12","173986","","false","85","spotify:user:","2021-06-17T14:36:26Z"
"spotify:track:4jPy3l0RUwlUI9T5XHBW2m","Mood (feat. iann dior)","spotify:artist:6fWVd57NKTalqvmjRd2t8Z, spotify:artist:6ASri4ePR7RlsvIQgWPJpS","24kGoldn, iann dior","spotify:album:270o30h7cAlEhBnbuSpFZq","El Dorado","spotify:artist:6fWVd57NKTalqvmjRd2t8Z","24kGoldn","2021-03-26","https://i.scdn.co/image/ab67616d0000b27384c53fa832dfa265192419c5","1","13","140533","https://p.scdn.co/mp3-preview/ed36883cd858243f6243cab967dfefe049ac4614?cid=9950ac751e34487dbbe027c4fd7f8e99","true","91","spotify:user:","2021-06-17T14:36:26Z"
"spotify:track:6UelLqGlWMcVH1E5c4H7lY","Watermelon Sugar","spotify:artist:6KImCVD70vtIoJWnq6nGn3","Harry Styles","spotify:album:7xV2TzoaVc0ycW7fwBwAml","Fine Line","spotify:artist:6KImCVD70vtIoJWnq6nGn3","Harry Styles","2019-12-13","https://i.scdn.co/image/ab67616d0000b27377fdcfda6535601aff081b6a","1","2","174000","https://p.scdn.co/mp3-preview/0c51b5f7ed852504844feebfb4f4b7f099452662?cid=9950ac751e34487dbbe027c4fd7f8e99","false","91","spotify:user:","2021-06-17T14:36:26Z"
"spotify:track:58q2HKrzhC3ozto2nDdN4z","I Like It","spotify:artist:4kYSro6naA4h99UJvo89HB, spotify:artist:4q3ewBCX7sLwd24euuV69X, spotify:artist:1vyhD5VmyZ7KMfW5gqLgo5","Cardi B, Bad Bunny, J Balvin","spotify:album:4KdtEKjY3Gi0mKiSdy96ML","Invasion of Privacy","spotify:artist:4kYSro6naA4h99UJvo89HB","Cardi B","2018-04-06","https://i.scdn.co/image/ab67616d0000b273a0caffda54afd0a65995bbab","1","7","253390","https://p.scdn.co/mp3-preview/0f8734f51bb0a419959fdad3a0852621f9e6bc89?cid=9950ac751e34487dbbe027c4fd7f8e99","true","82","spotify:user:","2021-06-17T14:36:26Z"
"spotify:track:21jGcNKet2qwijlDFuPiPb","Circles","spotify:artist:246dkjvS1zLTtiykXe5h60","Post Malone","spotify:album:4g1ZRSobMefqF6nelkgibi","Hollywood's Bleeding","spotify:artist:246dkjvS1zLTtiykXe5h60","Post Malone","2019-09-06","https://i.scdn.co/image/ab67616d0000b2739478c87599550dd73bfa7e02","1","6","215280","","false","88","spotify:user:","2021-06-17T14:36:26Z"
"spotify:track:3PfIrDoz19wz7qK7tYeu62","Don't Start Now","spotify:artist:6M2wZ9GZgrQXHCFfjv46we","Dua Lipa","spotify:album:7fJJK56U9fHixgO0HQkhtI","Future Nostalgia","spotify:artist:6M2wZ9GZgrQXHCFfjv46we","Dua Lipa","2020-03-27","https://i.scdn.co/image/ab67616d0000b273bd26ede1ae69327010d49946","1","2","183290","https://p.scdn.co/mp3-preview/b6f2baf2ed4a1eae6401a002f1324a2f29de81c0?cid=9950ac751e34487dbbe027c4fd7f8e99","false","84","spotify:user:","2021-06-17T14:36:26Z"
"spotify:track:2P91MQbaiQOfbiz9VqhqKQ","I Like Me Better","spotify:artist:5JZ7CnR6gTvEMKX4g70Amv","Lauv","spotify:album:7lqieLm717j9Z8JrG7POkS","I met you when I was 18. (the playlist)","spotify:artist:5JZ7CnR6gTvEMKX4g70Amv","Lauv","2018-05-31","https://i.scdn.co/image/ab67616d0000b2735355919e31efac9b14c45c49","1","1","197436","https://p.scdn.co/mp3-preview/fa069a3be2d69aab5378b55f6c66d8b3eff1a6d3?cid=9950ac751e34487dbbe027c4fd7f8e99","false","83","spotify:user:","2021-06-17T14:36:26Z"
"spotify:track:7ytR5pFWmSjzHJIeQkgog4","ROCKSTAR (feat. Roddy Ricch)","spotify:artist:4r63FhuTkUYltbVAg5TQnk, spotify:artist:757aE44tKEUQEqRuT6GnEB","DaBaby, Roddy Ricch","spotify:album:623PL2MBg50Br5dLXC9E9e","BLAME IT ON BABY","spotify:artist:4r63FhuTkUYltbVAg5TQnk","DaBaby","2020-04-17","https://i.scdn.co/image/ab67616d0000b27320e08c8cc23f404d723b5647","1","7","181733","","true","88","spotify:user:","2021-06-17T14:36:26Z"
"spotify:track:2iUXsYOEPhVqEBwsqP70rE","Youngblood","spotify:artist:5Rl15oVamLq7FbSb0NNBNy","5 Seconds of Summer","spotify:album:2D0Hi3Jj6RFnpWDcSa0Otu","Youngblood (Deluxe)","spotify:artist:5Rl15oVamLq7FbSb0NNBNy","5 Seconds of Summer","2018-06-15","https://i.scdn.co/image/ab67616d0000b27341aa6776dc15fbd71a2b4557","1","1","203417","","false","82","spotify:user:","2021-06-17T14:36:26Z"
"spotify:track:4evmHXcjt3bTUHD1cvny97","Beautiful People (feat. Khalid)","spotify:artist:6eUKZXaKkcviH0Ku9w2n3V, spotify:artist:6LuN9FCkKOj5PcnpouEgny","Ed Sheeran, Khalid","spotify:album:3E12WU80fDMyu7GyIAx7wJ","Beautiful People (feat. Khalid)","spotify:artist:6eUKZXaKkcviH0Ku9w2n3V, spotify:artist:6LuN9FCkKOj5PcnpouEgny","Ed Sheeran, Khalid","2019-06-28","https://i.scdn.co/image/ab67616d0000b273358f874d5d31e76a8fe3f6d0","1","1","197866","https://p.scdn.co/mp3-preview/f94d8d0c1b37773ff493e7d83930545e3425ccd3?cid=9950ac751e34487dbbe027c4fd7f8e99","false","80","spotify:user:","2021-06-17T14:36:26Z"
"spotify:track:696DnlkuDOXcMAnKlTgXXK","ROXANNE","spotify:artist:0vRvGUQVUjytro0xpb26bs","Arizona Zervas","spotify:album:6HJDrXs0hpebaRFKA1sF90","ROXANNE","spotify:artist:0vRvGUQVUjytro0xpb26bs","Arizona Zervas","2019-10-10","https://i.scdn.co/image/ab67616d0000b273069a93617a916760ab88ffea","1","1","163636","https://p.scdn.co/mp3-preview/17c8499c72603f1a2726dd121eb245c445d1dd84?cid=9950ac751e34487dbbe027c4fd7f8e99","true","83","spotify:user:","2021-06-17T14:36:26Z"
"spotify:track:09IStsImFySgyp0pIQdqAc","The Middle","spotify:artist:2qxJFvFYMEDqd7ui6kSAcq, spotify:artist:6WY7D3jk8zTrHtmkqqo5GI, spotify:artist:4lDBihdpMlOalxy1jkUbPl","Zedd, Maren Morris, Grey","spotify:album:7nEiwcUSwycvC77kZ9ub7c","The Middle","spotify:artist:2qxJFvFYMEDqd7ui6kSAcq, spotify:artist:6WY7D3jk8zTrHtmkqqo5GI, spotify:artist:4lDBihdpMlOalxy1jkUbPl","Zedd, Maren Morris, Grey","2018-01-23","https://i.scdn.co/image/ab67616d0000b273fbe22d168a743b782a5e856a","1","1","184732","","false","82","spotify:user:","2021-06-17T14:36:26Z"
"spotify:track:0d2iYfpKoM0QCKvcLCkBao","Eastside (with Halsey & Khalid)","spotify:artist:5CiGnKThu5ctn9pBxv7DGa, spotify:artist:26VFTg2z8YR0cCuwLzESi2, spotify:artist:6LuN9FCkKOj5PcnpouEgny","benny blanco, Halsey, Khalid","spotify:album:7pkLXlFdpQDfmHujT2AbBK","Eastside (with Halsey & Khalid)","spotify:artist:5CiGnKThu5ctn9pBxv7DGa, spotify:artist:26VFTg2z8YR0cCuwLzESi2, spotify:artist:6LuN9FCkKOj5PcnpouEgny","benny blanco, Halsey, Khalid","2018-07-12","https://i.scdn.co/image/ab67616d0000b2733154f0bdf9a17385d7afc6ba","1","1","173799","","false","78","spotify:user:","2021-06-17T14:36:26Z"
"spotify:track:7vGuf3Y35N4wmASOKLUVVU","Silence","spotify:artist:64KEffDW9EtZ1y2vBYgq8T, spotify:artist:6LuN9FCkKOj5PcnpouEgny","Marshmello, Khalid","spotify:album:2bw00gRKNKbTFOqCkohbSh","Silence","spotify:artist:64KEffDW9EtZ1y2vBYgq8T, spotify:artist:6LuN9FCkKOj5PcnpouEgny","Marshmello, Khalid","2017-08-11","https://i.scdn.co/image/ab67616d0000b273f33ba583059dc2f7d08bf2b8","1","1","180822","https://p.scdn.co/mp3-preview/d779881bd6bbcced00dbf7f5b87e3374bf7c058b?cid=9950ac751e34487dbbe027c4fd7f8e99","false","81","spotify:user:","2021-06-17T14:36:26Z"
"spotify:track:5p7ujcrUXASCNwRaWNHR1C","Without Me","spotify:artist:26VFTg2z8YR0cCuwLzESi2","Halsey","spotify:album:0zzrCTzvL4ZmR42xF46Afm","Without Me","spotify:artist:26VFTg2z8YR0cCuwLzESi2","Halsey","2018-10-04","https://i.scdn.co/image/ab67616d0000b273c42acc1b86597285c2c79559","1","1","201660","","true","81","spotify:user:","2021-06-17T14:36:26Z"
"spotify:track:4TnjEaWOeW0eKTKIEvJyCa","Falling","spotify:artist:7uaIm6Pw7xplS8Dy06V6pT","Trevor Daniel","spotify:album:1Czfd5tEby3DbdYNdqzrCa","Falling","spotify:artist:7uaIm6Pw7xplS8Dy06V6pT","Trevor Daniel","2018-10-05","https://i.scdn.co/image/ab67616d0000b2730e4bd9ce99988f3182bf771a","1","1","159381","https://p.scdn.co/mp3-preview/2f3c7d46278f1f63b8448a5ab871400596abc027?cid=9950ac751e34487dbbe027c4fd7f8e99","false","82","spotify:user:","2021-06-17T14:36:26Z"
"spotify:track:3KkXRkHbMCARz0aVfEt68P","Sunflower - Spider-Man: Into the Spider-Verse","spotify:artist:246dkjvS1zLTtiykXe5h60, spotify:artist:1zNqQNIdeOUZHb8zbZRFMX","Post Malone, Swae Lee","spotify:album:35s58BRTGAEWztPo9WqCIs","Spider-Man: Into the Spider-Verse (Soundtrack From & Inspired by the Motion Picture)","spotify:artist:0LyfQWJT6nXafLPZqxe9Of","Various Artists","2018-12-14","https://i.scdn.co/image/ab67616d0000b273e2e352d89826aef6dbd5ff8f","1","2","158040","","false","83","spotify:user:","2021-06-17T14:36:26Z"
"spotify:track:2Wo6QQD1KMDWeFkkjLqwx5","Roses - Imanbek Remix","spotify:artist:0H39MdGGX6dbnnQPt6NQkZ, spotify:artist:5rGrDvrLOV2VV8SCFVGWlj","SAINt JHN, Imanbek","spotify:album:6XcYTEonLIpg9NpAbJnqrC","Roses (Imanbek Remix)","spotify:artist:0H39MdGGX6dbnnQPt6NQkZ, spotify:artist:5rGrDvrLOV2VV8SCFVGWlj","SAINt JHN, Imanbek","2019-09-13","https://i.scdn.co/image/ab67616d0000b27369450869a3ffaf23bc3898bf","1","1","176218","https://p.scdn.co/mp3-preview/857ba479318b91a6ab733143b985fd5f60f74045?cid=9950ac751e34487dbbe027c4fd7f8e99","true","65","spotify:user:","2021-06-17T14:36:26Z"
"spotify:track:2b8fOow8UzyDFAE27YhOZM","Memories","spotify:artist:04gDigrS5kc9YWfZHwBETP","Maroon 5","spotify:album:3nR9B40hYLKLcR0Eph3Goc","Memories","spotify:artist:04gDigrS5kc9YWfZHwBETP","Maroon 5","2019-09-20","https://i.scdn.co/image/ab67616d0000b273b8c0135a218de2d10a8435f5","1","1","189486","","false","81","spotify:user:","2021-06-17T14:36:26Z"
"spotify:track:0Cy7wt6IlRfBPHXXjmZbcP","Love Me Like You Do","spotify:artist:0X2BH1fck6amBIoJhDVmmJ","Ellie Goulding","spotify:album:4w0N1CaZwQ5RPIuawqlYyy","Fifty Shades Freed (Original Motion Picture Soundtrack)","spotify:artist:0LyfQWJT6nXafLPZqxe9Of","Various Artists","2018-02-09","https://i.scdn.co/image/ab67616d0000b2736cd9798b6ace10ff98d1abdd","1","17","253520","","false","75","spotify:user:","2021-06-17T14:36:26Z"
"spotify:track:7eJMfftS33KTjuF7lTsMCx","death bed (coffee for your head)","spotify:artist:6bmlMHgSheBauioMgKv2tn, spotify:artist:35l9BRT7MXmM8bv2WDQiyB","Powfu, beabadoobee","spotify:album:2p9gK2BcdrloHNJwarc9gc","death bed (coffee for your head)","spotify:artist:6bmlMHgSheBauioMgKv2tn, spotify:artist:35l9BRT7MXmM8bv2WDQiyB","Powfu, beabadoobee","2020-02-08","https://i.scdn.co/image/ab67616d0000b273bf01fd0986a195d485922167","1","1","173333","https://p.scdn.co/mp3-preview/d951d03a53af76165e0f8550ce0319d526c6910d?cid=9950ac751e34487dbbe027c4fd7f8e99","false","86","spotify:user:","2021-06-17T14:36:26Z"
"spotify:track:5Z3GHaZ6ec9bsiI5BenrbY","Young Dumb & Broke","spotify:artist:6LuN9FCkKOj5PcnpouEgny","Khalid","spotify:album:6kf46HbnYCZzP6rjvQHYzg","American Teen","spotify:artist:6LuN9FCkKOj5PcnpouEgny","Khalid","2017-04-27","https://i.scdn.co/image/ab67616d0000b273988ede5e1276e758b5f9e577","1","2","202546","https://p.scdn.co/mp3-preview/34a19481552bf3b9555b8014acbdf0491dc4b83a?cid=9950ac751e34487dbbe027c4fd7f8e99","false","81","spotify:user:","2021-06-17T14:36:26Z"
"spotify:track:3HVWdVOQ0ZA45FuZGSfvns","I Don't Care (with Justin Bieber)","spotify:artist:6eUKZXaKkcviH0Ku9w2n3V, spotify:artist:1uNFoZAHBGtllmzznpCI3s","Ed Sheeran, Justin Bieber","spotify:album:5Nux7ozBJ5KJ02QYWwrneR","I Don't Care (with Justin Bieber)","spotify:artist:6eUKZXaKkcviH0Ku9w2n3V, spotify:artist:1uNFoZAHBGtllmzznpCI3s","Ed Sheeran, Justin Bieber","2019-05-10","https://i.scdn.co/image/ab67616d0000b27357cc434093fd4b6af7500fd8","1","1","219946","https://p.scdn.co/mp3-preview/40d2bf0a16b4a4c7e5747a57943f9c0bbf5bc5ab?cid=9950ac751e34487dbbe027c4fd7f8e99","false","82","spotify:user:","2021-06-17T14:36:26Z"
"spotify:track:2dpaYNEQHiRxtZbfNsse99","Happier","spotify:artist:64KEffDW9EtZ1y2vBYgq8T, spotify:artist:7EQ0qTo7fWT7DPxmxtSYEc","Marshmello, Bastille","spotify:album:78EicdHZr5XBWD7llEZ1Jh","Happier","spotify:artist:64KEffDW9EtZ1y2vBYgq8T, spotify:artist:7EQ0qTo7fWT7DPxmxtSYEc","Marshmello, Bastille","2018-08-17","https://i.scdn.co/image/ab67616d0000b27304bfd5a5fd5aa6ca648f66aa","1","1","214289","","false","84","spotify:user:","2021-06-17T14:36:26Z"
"spotify:track:1x5sYLZiu9r5E43kMlt9f8","Symphony (feat. Zara Larsson)","spotify:artist:6MDME20pz9RveH9rEXvrOM, spotify:artist:1Xylc3o4UrD53lo9CvFvVg","Clean Bandit, Zara Larsson","spotify:album:4b13SJlne61y53KSEwuQtD","Symphony (feat. Zara Larsson)","spotify:artist:6MDME20pz9RveH9rEXvrOM","Clean Bandit","2017-03-16","https://i.scdn.co/image/ab67616d0000b2735b1130d050c4cd2295999d85","1","1","212459","https://p.scdn.co/mp3-preview/45e100c336ff5ebbc5bdbae4224f25aa08fa9ca2?cid=9950ac751e34487dbbe027c4fd7f8e99","false","76","spotify:user:","2021-06-23T16:16:48Z"
"spotify:track:7xQAfvXzm3AkraOtGPWIZg","Wow.","spotify:artist:246dkjvS1zLTtiykXe5h60","Post Malone","spotify:album:4g1ZRSobMefqF6nelkgibi","Hollywood's Bleeding","spotify:artist:246dkjvS1zLTtiykXe5h60","Post Malone","2019-09-06","https://i.scdn.co/image/ab67616d0000b2739478c87599550dd73bfa7e02","1","17","149546","","true","81","spotify:user:","2021-06-17T14:36:26Z"
"spotify:track:6ocbgoVGwYJhOv1GgI9NsF","7 rings","spotify:artist:66CXWjxzNUsdJxJ2JdwvnR","Ariana Grande","spotify:album:2fYhqwDWXjbpjaIJPEfKFw","thank u, next","spotify:artist:66CXWjxzNUsdJxJ2JdwvnR","Ariana Grande","2019-02-08","https://i.scdn.co/image/ab67616d0000b27356ac7b86e090f307e218e9c8","1","10","178626","","true","85","spotify:user:","2021-06-17T14:36:26Z"
"spotify:track:1rqqCSm0Qe4I9rUvWncaom","High Hopes","spotify:artist:20JZFwl6HVl6yg8a4H3ZqK","Panic! At The Disco","spotify:album:6ApYSpXF8GxZAgBTHDzYge","Pray for the Wicked","spotify:artist:20JZFwl6HVl6yg8a4H3ZqK","Panic! At The Disco","2018-06-22","https://i.scdn.co/image/ab67616d0000b273c5148520a59be191eea16989","1","4","190946","https://p.scdn.co/mp3-preview/f6404b1b3199442271c17d9e1461c3f2a52018f8?cid=9950ac751e34487dbbe027c4fd7f8e99","false","82","spotify:user:","2021-06-17T14:36:26Z"
"spotify:track:0nbXyq5TXYPCO7pr3N8S4I","The Box","spotify:artist:757aE44tKEUQEqRuT6GnEB","Roddy Ricch","spotify:album:52u4anZbHd6UInnmHRFzba","Please Excuse Me for Being Antisocial","spotify:artist:757aE44tKEUQEqRuT6GnEB","Roddy Ricch","2019-12-06","https://i.scdn.co/image/ab67616d0000b273600adbc750285ea1a8da249f","1","2","196652","https://p.scdn.co/mp3-preview/52c74a85b9b187b8f51bfe1c7b19a25f7624161a?cid=9950ac751e34487dbbe027c4fd7f8e99","true","86","spotify:user:","2021-06-17T14:36:26Z"
"spotify:track:0u2P5u6lvoDfwTYjAADbn4","lovely (with Khalid)","spotify:artist:6qqNVTkY8uBg9cP3Jd7DAH, spotify:artist:6LuN9FCkKOj5PcnpouEgny","Billie Eilish, Khalid","spotify:album:2sBB17RXTamvj7Ncps15AK","lovely (with Khalid)","spotify:artist:6qqNVTkY8uBg9cP3Jd7DAH, spotify:artist:6LuN9FCkKOj5PcnpouEgny","Billie Eilish, Khalid","2018-04-19","https://i.scdn.co/image/ab67616d0000b2738a3f0a3ca7929dea23cd274c","1","1","200185","","false","88","spotify:user:","2021-06-17T14:36:26Z"
"spotify:track:3tNE4i6TBqMdyTZxHDAn9B","Sweet but Psycho","spotify:artist:4npEfmQ6YuiwW1GpUmaq3F","Ava Max","spotify:album:6B1U2tJse7tS9Yi4VJjZAA","Heaven & Hell","spotify:artist:4npEfmQ6YuiwW1GpUmaq3F","Ava Max","2020-09-18","https://i.scdn.co/image/ab67616d0000b2732ca6f6a1cf2cb7c43de08db5","2","7","187436","","false","12","spotify:user:","2021-06-17T14:36:26Z"
"spotify:track:76cy1WJvNGJTj78UqeA5zr","IDGAF","spotify:artist:6M2wZ9GZgrQXHCFfjv46we","Dua Lipa","spotify:album:01sfgrNbnnPUEyz6GZYlt9","Dua Lipa (Deluxe)","spotify:artist:6M2wZ9GZgrQXHCFfjv46we","Dua Lipa","2017-06-02","https://i.scdn.co/image/ab67616d0000b2736b915e407b70e121e06fe979","1","5","217946","https://p.scdn.co/mp3-preview/d8a0e05a79451d12c6cb5425c50c8d2ff00d4705?cid=9950ac751e34487dbbe027c4fd7f8e99","true","79","spotify:user:","2021-06-17T14:36:26Z"
"spotify:track:7qEHsqek33rTcFNT9PFqLf","Someone You Loved","spotify:artist:4GNC7GD6oZMSxPGyXy4MNB","Lewis Capaldi","spotify:album:5658aM19fA3JVwTK6eQX70","Divinely Uninspired To A Hellish Extent","spotify:artist:4GNC7GD6oZMSxPGyXy4MNB","Lewis Capaldi","2019-05-17","https://i.scdn.co/image/ab67616d0000b273fc2101e6889d6ce9025f85f2","1","4","182160","","false","88","spotify:user:","2021-06-17T14:36:26Z"
"spotify:track:3e7sxremeOE3wTySiOhGiP","Dusk Till Dawn (feat. Sia) - Radio Edit","spotify:artist:5ZsFI1h6hIdQRw2ti0hz81, spotify:artist:5WUlDfRSoLAfcVSX1WnrxN","ZAYN, Sia","spotify:album:1DF9B2hfwX4EdgEFwGcRwh","Icarus Falls","spotify:artist:5ZsFI1h6hIdQRw2ti0hz81","ZAYN","2018-12-14","https://i.scdn.co/image/ab67616d0000b2732bdcb339402ebd78651f09c8","1","29","239000","https://p.scdn.co/mp3-preview/ee20eba8856ff2708b818fabcf6075b7d74f10cd?cid=9950ac751e34487dbbe027c4fd7f8e99","false","75","spotify:user:","2021-06-17T14:36:26Z"
"spotify:track:7iDa6hUg2VgEL1o1HjmfBn","Meant to Be (feat. Florida Georgia Line)","spotify:artist:64M6ah0SkkRsnPGtGiRAbb, spotify:artist:3b8QkneNDz4JHKKKlLgYZg","Bebe Rexha, Florida Georgia Line","spotify:album:6t5D6LEgHxqUVOxJItkzfb","All Your Fault: Pt. 2","spotify:artist:64M6ah0SkkRsnPGtGiRAbb","Bebe Rexha","2017-08-11","https://i.scdn.co/image/ab67616d0000b2731ba5682505dd6e2592b16e41","1","6","163870","https://p.scdn.co/mp3-preview/8965aca26c5af239f57cb6ec1570db1fd8be00f1?cid=9950ac751e34487dbbe027c4fd7f8e99","false","78","spotify:user:","2021-06-17T14:36:26Z"
"spotify:track:3e9HZxeyfWwjeyPAMmWSSQ","thank u, next","spotify:artist:66CXWjxzNUsdJxJ2JdwvnR","Ariana Grande","spotify:album:2fYhqwDWXjbpjaIJPEfKFw","thank u, next","spotify:artist:66CXWjxzNUsdJxJ2JdwvnR","Ariana Grande","2019-02-08","https://i.scdn.co/image/ab67616d0000b27356ac7b86e090f307e218e9c8","1","11","207320","","true","83","spotify:user:","2021-06-17T14:36:26Z"
"spotify:track:7dt6x5M1jzdTEt8oCbisTK","Better Now","spotify:artist:246dkjvS1zLTtiykXe5h60","Post Malone","spotify:album:6trNtQUgC8cgbWcqoMYkOR","beerbongs & bentleys","spotify:artist:246dkjvS1zLTtiykXe5h60","Post Malone","2018-04-27","https://i.scdn.co/image/ab67616d0000b273b1c4b76e23414c9f20242268","1","9","231266","","true","82","spotify:user:","2021-06-17T14:36:26Z"
"spotify:track:7BKLCZ1jbUBVqRi2FVlTVw","Closer","spotify:artist:69GGBxA162lTqCwzJG5jLp, spotify:artist:26VFTg2z8YR0cCuwLzESi2","The Chainsmokers, Halsey","spotify:album:0rSLgV8p5FzfnqlEk4GzxE","Closer","spotify:artist:69GGBxA162lTqCwzJG5jLp, spotify:artist:26VFTg2z8YR0cCuwLzESi2","The Chainsmokers, Halsey","2016-07-29","https://i.scdn.co/image/ab67616d0000b273495ce6da9aeb159e94eaa453","1","1","244960","https://p.scdn.co/mp3-preview/8d3df1c64907cb183bff5a127b1525b530992afb?cid=9950ac751e34487dbbe027c4fd7f8e99","false","85","spotify:user:","2021-06-17T14:36:26Z"
"spotify:track:285pBltuF7vW8TeWk8hdRR","Lucid Dreams","spotify:artist:4MCBfE4596Uoi2O4DtmEMz","Juice WRLD","spotify:album:6tkjU4Umpo79wwkgPMV3nZ","Goodbye & Good Riddance","spotify:artist:4MCBfE4596Uoi2O4DtmEMz","Juice WRLD","2018-12-10","https://i.scdn.co/image/ab67616d0000b273f7db43292a6a99b21b51d5b4","1","3","239835","","true","86","spotify:user:","2021-06-17T14:36:26Z"
"spotify:track:23L5CiUhw2jV1OIMwthR3S","In the Name of Love","spotify:artist:60d24wfXkVzDSfLS6hyCjZ, spotify:artist:64M6ah0SkkRsnPGtGiRAbb","Martin Garrix, Bebe Rexha","spotify:album:1FOJ5IXGXe8dl0cXvCU6wK","In the Name of Love","spotify:artist:60d24wfXkVzDSfLS6hyCjZ, spotify:artist:64M6ah0SkkRsnPGtGiRAbb","Martin Garrix, Bebe Rexha","2016-07-29","https://i.scdn.co/image/ab67616d0000b2738c77bcf5f5a227d270d23370","1","1","195706","https://p.scdn.co/mp3-preview/cbd166d86a2d5a52930dd5fe509c1f2806aeab11?cid=9950ac751e34487dbbe027c4fd7f8e99","false","78","spotify:user:","2021-06-17T14:36:26Z"
"spotify:track:3EPXxR3ImUwfayaurPi3cm","Be Alright","spotify:artist:3QSQFmccmX81fWCUSPTS7y","Dean Lewis","spotify:album:0YZLXTaHLcgl5UdtKDiUXD","Be Alright","spotify:artist:3QSQFmccmX81fWCUSPTS7y","Dean Lewis","2018-06-29","https://i.scdn.co/image/ab67616d0000b27313480e8127119dcb882eb53d","1","1","196373","","true","81","spotify:user:","2021-06-17T14:36:26Z"
"spotify:track:7JJmb5XwzOO8jgpou264Ml","There's Nothing Holdin' Me Back","spotify:artist:7n2wHs1TKAczGzO7Dd2rGr","Shawn Mendes","spotify:album:3wBabo4pmzsYjALMSKY7Iq","Illuminate (Deluxe)","spotify:artist:7n2wHs1TKAczGzO7Dd2rGr","Shawn Mendes","2017-04-20","https://i.scdn.co/image/ab67616d0000b273ea3ef7697cfd5705b8f47521","1","1","199440","","false","82","spotify:user:","2021-06-17T14:36:26Z"
"spotify:track:52okn5MNA47tk87PeZJLEL","Let You Down","spotify:artist:6fOMl44jA4Sp5b9PpYCkzz","NF","spotify:album:1KOmHyNLuOe5YrPhD3Juuf","Perception","spotify:artist:6fOMl44jA4Sp5b9PpYCkzz","NF","2017-10-06","https://i.scdn.co/image/ab67616d0000b273cd733919ee57d0cc466e152f","1","6","212120","","false","82","spotify:user:","2021-06-17T14:36:26Z"
"spotify:track:08bNPGLD8AhKpnnERrAc6G","FRIENDS","spotify:artist:64KEffDW9EtZ1y2vBYgq8T, spotify:artist:1zNqDE7qDGCsyzJwohVaoX","Marshmello, Anne-Marie","spotify:album:1BmxOYHjQv1dKZRr13YRZM","FRIENDS","spotify:artist:64KEffDW9EtZ1y2vBYgq8T, spotify:artist:1zNqDE7qDGCsyzJwohVaoX","Marshmello, Anne-Marie","2018-02-09","https://i.scdn.co/image/ab67616d0000b273569f64493ca55cd96fdee412","1","1","202620","https://p.scdn.co/mp3-preview/99b833cf96a8b56040859443d8688a2e322c6667?cid=9950ac751e34487dbbe027c4fd7f8e99","true","81","spotify:user:","2021-06-17T14:36:26Z"
"spotify:track:6gBFPUFcJLzWGx4lenP6h2","goosebumps","spotify:artist:0Y5tJX1MQlPlqiwlOH1tJY","Travis Scott","spotify:album:42WVQWuf1teDysXiOupIZt","Birds In The Trap Sing McKnight","spotify:artist:0Y5tJX1MQlPlqiwlOH1tJY","Travis Scott","2016-09-16","https://i.scdn.co/image/ab67616d0000b273f54b99bf27cda88f4a7403ce","1","9","243836","https://p.scdn.co/mp3-preview/d6d1ec9bfc82463707878d5e36d15e7b8a364069?cid=9950ac751e34487dbbe027c4fd7f8e99","true","86","spotify:user:","2021-06-17T14:36:26Z"
"spotify:track:3JvrhDOgAt6p7K8mDyZwRd","Riptide","spotify:artist:10exVja0key0uqUkk6LJRT","Vance Joy","spotify:album:5S9b8euumqMhQbMk0zzQdH","Dream Your Life Away (Special Edition)","spotify:artist:10exVja0key0uqUkk6LJRT","Vance Joy","2014-09-09","https://i.scdn.co/image/ab67616d0000b273a9929deb093a6617d2493b03","1","4","204280","https://p.scdn.co/mp3-preview/0dd45171d094ca8d374219054879662fe7982462?cid=9950ac751e34487dbbe027c4fd7f8e99","false","79","spotify:user:","2021-06-17T14:36:26Z"
"spotify:track:7k4t7uLgtOxPwTpFmtJNTY","Tusa","spotify:artist:790FomKkXshlbRYZFtlgla, spotify:artist:0hCNtLu0JehylgoiP8L4Gh","KAROL G, Nicki Minaj","spotify:album:7mKevNHhVnZER3BLgI8O4F","Tusa","spotify:artist:790FomKkXshlbRYZFtlgla, spotify:artist:0hCNtLu0JehylgoiP8L4Gh","KAROL G, Nicki Minaj","2019-11-07","https://i.scdn.co/image/ab67616d0000b273ddd3154c58e15a8bdb63bbcc","1","1","200960","","false","82","spotify:user:","2021-06-17T14:36:26Z"
"spotify:track:2qT1uLXPVPzGgFOx4jtEuo","no tears left to cry","spotify:artist:66CXWjxzNUsdJxJ2JdwvnR","Ariana Grande","spotify:album:3tx8gQqWbGwqIGZHqDNrGe","Sweetener","spotify:artist:66CXWjxzNUsdJxJ2JdwvnR","Ariana Grande","2018-08-17","https://i.scdn.co/image/ab67616d0000b273c3af0c2355c24ed7023cd394","1","10","205920","","false","79","spotify:user:","2021-06-17T14:36:26Z"
"spotify:track:0TK2YIli7K1leLovkQiNik","Señorita","spotify:artist:7n2wHs1TKAczGzO7Dd2rGr, spotify:artist:4nDoRrQiYLoBzwC5BhVJzF","Shawn Mendes, Camila Cabello","spotify:album:2ZaX1FdZCwchXl1QZiD4O4","Señorita","spotify:artist:7n2wHs1TKAczGzO7Dd2rGr, spotify:artist:4nDoRrQiYLoBzwC5BhVJzF","Shawn Mendes, Camila Cabello","2019-06-21","https://i.scdn.co/image/ab67616d0000b273e6095c382c2853667c1623eb","1","1","190960","","false","83","spotify:user:","2021-06-17T14:36:26Z"
"spotify:track:3B54sVLJ402zGa6Xm4YGNe","Unforgettable","spotify:artist:6vXTefBL93Dj5IqAWq6OTv, spotify:artist:1zNqQNIdeOUZHb8zbZRFMX","French Montana, Swae Lee","spotify:album:4c2p3TdN7NcQfCXyueCNnC","Jungle Rules","spotify:artist:6vXTefBL93Dj5IqAWq6OTv","French Montana","2017-07-14","https://i.scdn.co/image/ab67616d0000b2738a31195a371b2233456f6c07","1","2","233901","https://p.scdn.co/mp3-preview/3814de3ede7445566a5b176bb23120af44da62d8?cid=9950ac751e34487dbbe027c4fd7f8e99","true","82","spotify:user:","2021-06-17T14:36:26Z"
"spotify:track:5cF0dROlMOK5uNZtivgu50","Attention","spotify:artist:6VuMaDnrHyPL1p4EHjYLi7","Charlie Puth","spotify:album:0mZIUXje90JtHxPNzWsJNR","Voicenotes","spotify:artist:6VuMaDnrHyPL1p4EHjYLi7","Charlie Puth","2018-05-11","https://i.scdn.co/image/ab67616d0000b273897f73256b9128a9d70eaf66","1","2","208786","https://p.scdn.co/mp3-preview/d7369d506a0647ccd433c7d0ec290d8be52c186f?cid=9950ac751e34487dbbe027c4fd7f8e99","false","81","spotify:user:","2021-06-17T14:36:26Z"
"spotify:track:1WIfWj5skn5UUZTs4cEFBe","Location","spotify:artist:6LuN9FCkKOj5PcnpouEgny","Khalid","spotify:album:5f4VQ4QMbjZLMfxL7RM5aE","Location","spotify:artist:6LuN9FCkKOj5PcnpouEgny","Khalid","2017-10-31","https://i.scdn.co/image/ab67616d0000b27371b495ded6a7fff6eaabdcf9","1","1","217566","https://p.scdn.co/mp3-preview/ac38db91e3af64810f320c9103bc1f7dfdb0297a?cid=9950ac751e34487dbbe027c4fd7f8e99","false","58","spotify:user:","2021-06-17T14:36:26Z"
"spotify:track:3a1lNhkSLSkpJE4MSHpDu9","Congratulations","spotify:artist:246dkjvS1zLTtiykXe5h60, spotify:artist:0VRj0yCOv2FXJNP47XQnx5","Post Malone, Quavo","spotify:album:5s0rmjP8XOPhP6HhqOhuyC","Stoney (Deluxe)","spotify:artist:246dkjvS1zLTtiykXe5h60","Post Malone","2016-12-09","https://i.scdn.co/image/ab67616d0000b27355404f712deb84d0650a4b41","1","12","220293","","true","83","spotify:user:","2021-06-17T14:36:26Z"
"spotify:track:5uCax9HTNlzGybIStD3vDh","Say You Won't Let Go","spotify:artist:4IWBUUAFIplrNtaOHcJPRM","James Arthur","spotify:album:7oiJYvEJHsmYtrgviAVIBD","Back from the Edge","spotify:artist:4IWBUUAFIplrNtaOHcJPRM","James Arthur","2016-10-28","https://i.scdn.co/image/ab67616d0000b27320beb61f61fcbeb33b10a9ab","1","2","211466","https://p.scdn.co/mp3-preview/00825cb1779b31d68964eda6f2a7911fc2ae96c6?cid=9950ac751e34487dbbe027c4fd7f8e99","false","85","spotify:user:","2021-06-17T14:36:26Z"
"spotify:track:2ekn2ttSfGqwhhate0LSR0","New Rules","spotify:artist:6M2wZ9GZgrQXHCFfjv46we","Dua Lipa","spotify:album:01sfgrNbnnPUEyz6GZYlt9","Dua Lipa (Deluxe)","spotify:artist:6M2wZ9GZgrQXHCFfjv46we","Dua Lipa","2017-06-02","https://i.scdn.co/image/ab67616d0000b2736b915e407b70e121e06fe979","1","10","209320","https://p.scdn.co/mp3-preview/75a1b521de23958a2db9acf4fc8151999ee54bd7?cid=9950ac751e34487dbbe027c4fd7f8e99","false","81","spotify:user:","2021-06-17T14:36:26Z"
"spotify:track:0KKkJNfGyhkQ5aFogxQAPU","That's What I Like","spotify:artist:0du5cEVh5yTK9QJze8zA0C","Bruno Mars","spotify:album:4PgleR09JVnm3zY1fW3XBA","24K Magic","spotify:artist:0du5cEVh5yTK9QJze8zA0C","Bruno Mars","2016-11-17","https://i.scdn.co/image/ab67616d0000b273232711f7d66a1e19e89e28c5","1","4","206693","https://p.scdn.co/mp3-preview/f09116ce18bd77f543e68a925e5a96509e79ac6a?cid=9950ac751e34487dbbe027c4fd7f8e99","false","83","spotify:user:","2021-06-17T14:36:26Z"
"spotify:track:7fBv7CLKzipRk6EC6TWHOB","The Hills","spotify:artist:1Xyo4u8uXC1ZmMpatF05PJ","The Weeknd","spotify:album:0P3oVJBFOv3TDXlYRhGL7s","Beauty Behind The Madness","spotify:artist:1Xyo4u8uXC1ZmMpatF05PJ","The Weeknd","2015-08-28","https://i.scdn.co/image/ab67616d0000b2737fcead687e99583072cc217b","1","5","242253","","true","85","spotify:user:","2021-06-17T14:36:26Z"
"spotify:track:3QGsuHI8jO1Rx4JWLUh9jd","Treat You Better","spotify:artist:7n2wHs1TKAczGzO7Dd2rGr","Shawn Mendes","spotify:album:1ne2D0NxoGyZd31gAM4HNd","Illuminate","spotify:artist:7n2wHs1TKAczGzO7Dd2rGr","Shawn Mendes","2017-04-20","https://i.scdn.co/image/ab67616d0000b2731376b4b16f4bfcba02dc571b","1","4","187973","","false","82","spotify:user:","2021-06-17T14:36:26Z"
"spotify:track:12GEpg2XOPyqk03JZEZnJs","It Ain’t Me (with Selena Gomez)","spotify:artist:23fqKkggKUBHNkbKtXEls4, spotify:artist:0C8ZW7ezQVs4URX5aX7Kqx","Kygo, Selena Gomez","spotify:album:4VNy5ifZtW3E9SgffbGEti","It Ain't Me","spotify:artist:23fqKkggKUBHNkbKtXEls4, spotify:artist:0C8ZW7ezQVs4URX5aX7Kqx","Kygo, Selena Gomez","2017-02-17","https://i.scdn.co/image/ab67616d0000b273f9dcc529e62f2a4675f88738","1","1","220780","","false","66","spotify:user:","2021-06-17T14:36:26Z"
"spotify:track:75ZvA4QfFiZvzhj2xkaWAh","I Fall Apart","spotify:artist:246dkjvS1zLTtiykXe5h60","Post Malone","spotify:album:5s0rmjP8XOPhP6HhqOhuyC","Stoney (Deluxe)","spotify:artist:246dkjvS1zLTtiykXe5h60","Post Malone","2016-12-09","https://i.scdn.co/image/ab67616d0000b27355404f712deb84d0650a4b41","1","7","223346","","true","81","spotify:user:","2021-06-17T14:36:26Z"
"spotify:track:6RUKPb4LETWmmr3iAEQktW","Something Just Like This","spotify:artist:69GGBxA162lTqCwzJG5jLp, spotify:artist:4gzpq5DPGxSnKTe4SA8HAU","The Chainsmokers, Coldplay","spotify:album:4JPguzRps3kuWDD5GS6oXr","Memories...Do Not Open","spotify:artist:69GGBxA162lTqCwzJG5jLp","The Chainsmokers","2017-04-07","https://i.scdn.co/image/ab67616d0000b2730c13d3d5a503c84fcc60ae94","1","5","247160","https://p.scdn.co/mp3-preview/cb1ae1f9e2f874dd2d19e4c29edb552777eb1e7a?cid=9950ac751e34487dbbe027c4fd7f8e99","false","83","spotify:user:","2021-06-17T14:36:26Z"
"spotify:track:7zsXy7vlHdItvUSH8EwQss","Cold Water","spotify:artist:738wLrAtLtCtFOLvQBXOXp, spotify:artist:1uNFoZAHBGtllmzznpCI3s, spotify:artist:0bdfiayQAKewqEvaU6rXCv","Major Lazer, Justin Bieber, MØ","spotify:album:3Kmo85mapQ2wTaCAHBkKsK","Cold Water","spotify:artist:738wLrAtLtCtFOLvQBXOXp","Major Lazer","2016-07-22","https://i.scdn.co/image/ab67616d0000b2733d2ab503fa064e2050a7d115","1","1","185360","","false","69","spotify:user:","2021-06-17T14:36:26Z"
"spotify:track:4tCtwWceOPWzenK2HAIJSb","Work from Home (feat. Ty Dolla $ign)","spotify:artist:1l8Fu6IkuTP0U5QetQJ5Xt, spotify:artist:7c0XG5cIJTrrAgEC3ULPiq","Fifth Harmony, Ty Dolla $ign","spotify:album:0pF0oyuPNdOObniB1Ng0kW","7/27 (Deluxe)","spotify:artist:1l8Fu6IkuTP0U5QetQJ5Xt","Fifth Harmony","2016-05-27","https://i.scdn.co/image/ab67616d0000b273d03fa6f4e758282b7920b5c8","1","2","214480","https://p.scdn.co/mp3-preview/b2d6e6ea9163eb361f5406f75264de490243964a?cid=9950ac751e34487dbbe027c4fd7f8e99","false","78","spotify:user:","2021-06-17T14:36:26Z"
"spotify:track:5tz69p7tJuGPeMGwNTxYuV","1-800-273-8255","spotify:artist:4xRYI6VqpkE3UwrDrAZL8L, spotify:artist:2wUjUUtkb5lvLKcGKsKqsR, spotify:artist:6LuN9FCkKOj5PcnpouEgny","Logic, Alessia Cara, Khalid","spotify:album:1HiN2YXZcc3EjmVZ4WjfBk","Everybody","spotify:artist:4xRYI6VqpkE3UwrDrAZL8L","Logic","2017-05-05","https://i.scdn.co/image/ab67616d0000b273cfdf40cf325b609a52457805","1","10","250173","","true","78","spotify:user:","2021-06-17T14:36:26Z"
"spotify:track:0azC730Exh71aQlOt9Zj3y","This Is What You Came For (feat. Rihanna)","spotify:artist:7CajNmpbOovFoOoasH2HaY, spotify:artist:5pKCCKE2ajJHZ9KAiaK11H","Calvin Harris, Rihanna","spotify:album:3pEgGUv379EDinvg1TN7Kt","This Is What You Came For (feat. Rihanna)","spotify:artist:7CajNmpbOovFoOoasH2HaY","Calvin Harris","2016-04-29","https://i.scdn.co/image/ab67616d0000b273d9aa52355e062f5de060adbf","1","1","222160","https://p.scdn.co/mp3-preview/9299c6e159adbcaf008221af3ae6b989c19e0a58?cid=9950ac751e34487dbbe027c4fd7f8e99","false","82","spotify:user:","2021-06-17T14:36:26Z"
"spotify:track:6sy3LkhNFjJWlaeSMNwQ62","Counting Stars","spotify:artist:5Pwc4xIPtQLFEnJriah9YJ","OneRepublic","spotify:album:2bbhW5ifCwOYM8DMkqoYBF","Native","spotify:artist:5Pwc4xIPtQLFEnJriah9YJ","OneRepublic","2014-01-01","https://i.scdn.co/image/ab67616d0000b273e80e7dbce3996a1ae5967751","1","1","257839","","false","75","spotify:user:","2021-06-17T14:36:26Z"
"spotify:track:1jYiIOC5d6soxkJP81fxq2","I'm the One (feat. Justin Bieber, Quavo, Chance the Rapper & Lil Wayne)","spotify:artist:0QHgL1lAIqAw0HtD7YldmP, spotify:artist:1uNFoZAHBGtllmzznpCI3s, spotify:artist:0VRj0yCOv2FXJNP47XQnx5, spotify:artist:1anyVhU62p31KFi8MEzkbf, spotify:artist:55Aa2cqylxrFIXC767Z865","DJ Khaled, Justin Bieber, Quavo, Chance the Rapper, Lil Wayne","spotify:album:3HhZbSJdhOqMSaRbEt3gtw","Grateful","spotify:artist:0QHgL1lAIqAw0HtD7YldmP","DJ Khaled","2017-06-22","https://i.scdn.co/image/ab67616d0000b2737b219c19829e83a86cc9786c","1","5","288876","https://p.scdn.co/mp3-preview/f6fdecfbaae1ed54bcfbae1bc2b088e8807c9783?cid=9950ac751e34487dbbe027c4fd7f8e99","true","68","spotify:user:","2021-06-17T14:36:26Z"
"spotify:track:5jsw9uXEGuKyJzs0boZ1bT","Stitches","spotify:artist:7n2wHs1TKAczGzO7Dd2rGr","Shawn Mendes","spotify:album:6sUOosXuYt0oUeczJRbedZ","Handwritten","spotify:artist:7n2wHs1TKAczGzO7Dd2rGr","Shawn Mendes","2015-04-14","https://i.scdn.co/image/ab67616d0000b273d26246b23c8bfa8ce543b3bb","1","2","206880","","false","73","spotify:user:","2021-06-17T14:36:26Z"
"spotify:track:1MtUq6Wp1eQ8PC6BbPCj8P","I Took A Pill In Ibiza - Seeb Remix","spotify:artist:2KsP6tYLJlTBvSUxnwlVWa, spotify:artist:5iNrZmtVMtYev5M9yoWpEq","Mike Posner, Seeb","spotify:album:1Tz3Ai1guEFf4hV3d9i17K","At Night, Alone.","spotify:artist:2KsP6tYLJlTBvSUxnwlVWa","Mike Posner","2016-05-06","https://i.scdn.co/image/ab67616d0000b273a19be7aca4a1fcd6e8a42c62","1","13","197933","","true","72","spotify:user:","2021-06-17T14:36:26Z"
"spotify:track:2Fxmhks0bxGSBdJ92vM42m","bad guy","spotify:artist:6qqNVTkY8uBg9cP3Jd7DAH","Billie Eilish","spotify:album:0S0KGZnfBGSIssfF54WSJh","WHEN WE ALL FALL ASLEEP, WHERE DO WE GO?","spotify:artist:6qqNVTkY8uBg9cP3Jd7DAH","Billie Eilish","2019-03-29","https://i.scdn.co/image/ab67616d0000b27350a3147b4edd7701a876c6ce","1","2","194087","","false","87","spotify:user:","2021-06-17T14:36:26Z"
"spotify:track:2xLMifQCjDGFmkHkpNLD9h","SICKO MODE","spotify:artist:0Y5tJX1MQlPlqiwlOH1tJY","Travis Scott","spotify:album:41GuZcammIkupMPKH2OJ6I","ASTROWORLD","spotify:artist:0Y5tJX1MQlPlqiwlOH1tJY","Travis Scott","2018-08-03","https://i.scdn.co/image/ab67616d0000b273072e9faef2ef7b6db63834a3","1","3","312820","https://p.scdn.co/mp3-preview/1c3c01c64477b356e28a652b6447f4ef96689a71?cid=9950ac751e34487dbbe027c4fd7f8e99","true","85","spotify:user:","2021-06-17T14:36:26Z"
"spotify:track:6V1bu6o1Yo5ZXnsCJU8Ovk","Girls Like You (feat. Cardi B)","spotify:artist:04gDigrS5kc9YWfZHwBETP, spotify:artist:4kYSro6naA4h99UJvo89HB","Maroon 5, Cardi B","spotify:album:3ThQ5dvf9wlqB0C7evh5nH","Red Pill Blues (Deluxe)","spotify:artist:04gDigrS5kc9YWfZHwBETP","Maroon 5","2018-06-15","https://i.scdn.co/image/ab67616d0000b273fc4852898bc6ed85b3e3f89c","1","16","235545","","true","68","spotify:user:","2021-06-17T14:36:26Z"
"spotify:track:2y5aJvzXhHPA94U5GFAcXe","I Don’t Wanna Live Forever (Fifty Shades Darker)","spotify:artist:5ZsFI1h6hIdQRw2ti0hz81, spotify:artist:06HL4z0CvFAxyc27GXpf02","ZAYN, Taylor Swift","spotify:album:5VML6S956h4YfoYPooqLEi","Fifty Shades Darker (Original Motion Picture Soundtrack)","spotify:artist:0LyfQWJT6nXafLPZqxe9Of","Various Artists","2017-02-10","https://i.scdn.co/image/ab67616d0000b2735997605214d568d73fd365c2","1","1","245653","","false","67","spotify:user:","2021-06-17T14:36:26Z"
"spotify:track:2YpeDb67231RjR0MgVLzsG","Old Town Road - Remix","spotify:artist:7jVv8c5Fj3E9VhNjxT4snq, spotify:artist:60rpJ9SgigSd16DOAG7GSa","Lil Nas X, Billy Ray Cyrus","spotify:album:4IRiXE5NROxknUSAUSjMoO","7 EP","spotify:artist:7jVv8c5Fj3E9VhNjxT4snq","Lil Nas X","2019-06-21","https://i.scdn.co/image/ab67616d0000b273c0e7bf5cdd630f314f20586a","1","1","157066","https://p.scdn.co/mp3-preview/d94ec2ebe62fd52cf038760f57c251c145346bb2?cid=9950ac751e34487dbbe027c4fd7f8e99","false","81","spotify:user:","2021-06-17T14:36:26Z"
"spotify:track:3swc6WTsr7rl9DqQKQA55C","Psycho (feat. Ty Dolla $ign)","spotify:artist:246dkjvS1zLTtiykXe5h60, spotify:artist:7c0XG5cIJTrrAgEC3ULPiq","Post Malone, Ty Dolla $ign","spotify:album:6trNtQUgC8cgbWcqoMYkOR","beerbongs & bentleys","spotify:artist:246dkjvS1zLTtiykXe5h60","Post Malone","2018-04-27","https://i.scdn.co/image/ab67616d0000b273b1c4b76e23414c9f20242268","1","8","221440","","true","80","spotify:user:","2021-06-17T14:36:26Z"
"spotify:track:0nrRP2bk19rLc0orkWPQk2","Wake Me Up","spotify:artist:1vCWHaC5f2uS3yhpwWbIA6","Avicii","spotify:album:2H6i2CrWgXE1HookLu8Au0","True","spotify:artist:1vCWHaC5f2uS3yhpwWbIA6","Avicii","2013-01-01","https://i.scdn.co/image/ab67616d0000b273e14f11f796cef9f9a82691a7","1","1","247426","","false","85","spotify:user:","2021-06-17T14:36:26Z"
"spotify:track:0lYBSQXN6rCTvUZvg9S0lU","Let Me Love You","spotify:artist:540vIaP2JwjQb9dm3aArA4, spotify:artist:1uNFoZAHBGtllmzznpCI3s","DJ Snake, Justin Bieber","spotify:album:02sEJTj1sye1JaqxqpcSCp","Encore","spotify:artist:540vIaP2JwjQb9dm3aArA4","DJ Snake","2016-08-05","https://i.scdn.co/image/ab67616d0000b273212d776c31027c511f0ee3bc","1","13","205946","","false","82","spotify:user:","2021-06-17T14:36:26Z"
"spotify:track:43zdsphuZLzwA9k4DJhU0I","when the party's over","spotify:artist:6qqNVTkY8uBg9cP3Jd7DAH","Billie Eilish","spotify:album:0S0KGZnfBGSIssfF54WSJh","WHEN WE ALL FALL ASLEEP, WHERE DO WE GO?","spotify:artist:6qqNVTkY8uBg9cP3Jd7DAH","Billie Eilish","2019-03-29","https://i.scdn.co/image/ab67616d0000b27350a3147b4edd7701a876c6ce","1","7","196077","","false","83","spotify:user:","2021-06-17T14:36:26Z"
"spotify:track:7MXVkk9YMctZqd1Srtv4MB","Starboy","spotify:artist:1Xyo4u8uXC1ZmMpatF05PJ, spotify:artist:4tZwfgrHOc3mvqYlEYSvVi","The Weeknd, Daft Punk","spotify:album:2ODvWsOgouMbaA5xf0RkJe","Starboy","spotify:artist:1Xyo4u8uXC1ZmMpatF05PJ","The Weeknd","2016-11-25","https://i.scdn.co/image/ab67616d0000b2734718e2b124f79258be7bc452","1","1","230453","","true","84","spotify:user:","2021-06-17T14:36:26Z"
"spotify:track:3bidbhpOYeV4knp8AIu8Xn","Can't Hold Us - feat. Ray Dalton","spotify:artist:5BcAKTbp20cv7tC5VqPFoC","Macklemore & Ryan Lewis","spotify:album:76FXHQhTuT4QMIxfL09gX8","The Heist","spotify:artist:5BcAKTbp20cv7tC5VqPFoC","Macklemore & Ryan Lewis","2012-10-09","https://i.scdn.co/image/ab67616d0000b27398a02fef3a8b1d80a0f164ec","1","2","258342","https://p.scdn.co/mp3-preview/1f826380a449ec9a8bae45967d908fffd7ff5222?cid=9950ac751e34487dbbe027c4fd7f8e99","false","84","spotify:user:","2021-06-17T14:36:26Z"
"spotify:track:7ef4DlsgrMEH11cDZd32M6","One Kiss (with Dua Lipa)","spotify:artist:7CajNmpbOovFoOoasH2HaY, spotify:artist:6M2wZ9GZgrQXHCFfjv46we","Calvin Harris, Dua Lipa","spotify:album:7GEzhoTiqcPYkOprWQu581","One Kiss (with Dua Lipa)","spotify:artist:7CajNmpbOovFoOoasH2HaY, spotify:artist:6M2wZ9GZgrQXHCFfjv46we","Calvin Harris, Dua Lipa","2018-04-06","https://i.scdn.co/image/ab67616d0000b273d09f96d82310d4d77c14c108","1","1","214846","https://p.scdn.co/mp3-preview/34b3b95afb8e1d34363f01b194b4a729100d3710?cid=9950ac751e34487dbbe027c4fd7f8e99","false","83","spotify:user:","2021-06-17T14:36:26Z"
"spotify:track:1pKeFVVUOPjFsOABub0OaV","Side To Side","spotify:artist:66CXWjxzNUsdJxJ2JdwvnR, spotify:artist:0hCNtLu0JehylgoiP8L4Gh","Ariana Grande, Nicki Minaj","spotify:album:3OZgEywV4krCZ814pTJWr7","Dangerous Woman","spotify:artist:66CXWjxzNUsdJxJ2JdwvnR","Ariana Grande","2016-05-20","https://i.scdn.co/image/ab67616d0000b2735f9393fda71e7df39b34defd","1","5","226160","","true","60","spotify:user:","2021-06-17T14:36:26Z"
"spotify:track:37FXw5QGFN7uwwsLy8uAc0","We Don't Talk Anymore (feat. Selena Gomez)","spotify:artist:6VuMaDnrHyPL1p4EHjYLi7, spotify:artist:0C8ZW7ezQVs4URX5aX7Kqx","Charlie Puth, Selena Gomez","spotify:album:3kndSWeE2IYOrZEToZrHEV","Nine Track Mind","spotify:artist:6VuMaDnrHyPL1p4EHjYLi7","Charlie Puth","2016-01-29","https://i.scdn.co/image/ab67616d0000b2734fe297c018e495a97662e5ac","1","5","217706","https://p.scdn.co/mp3-preview/9c497e095198c3f26f98c244de8219935a908b81?cid=9950ac751e34487dbbe027c4fd7f8e99","false","70","spotify:user:","2021-06-17T14:36:26Z"
"spotify:track:4w8niZpiMy6qz1mntFA5uM","Taki Taki (with Selena Gomez, Ozuna & Cardi B)","spotify:artist:540vIaP2JwjQb9dm3aArA4, spotify:artist:0C8ZW7ezQVs4URX5aX7Kqx, spotify:artist:1i8SpTcr7yvPOmcqrbnVXY, spotify:artist:4kYSro6naA4h99UJvo89HB","DJ Snake, Selena Gomez, Ozuna, Cardi B","spotify:album:0ZHyvPke0EcVt6rYA8Ins3","Taki Taki (with Selena Gomez, Ozuna & Cardi B)","spotify:artist:540vIaP2JwjQb9dm3aArA4, spotify:artist:0C8ZW7ezQVs4URX5aX7Kqx, spotify:artist:1i8SpTcr7yvPOmcqrbnVXY","DJ Snake, Selena Gomez, Ozuna","2018-09-28","https://i.scdn.co/image/ab67616d0000b273e105c410a7b390c61a58cbf8","1","1","212500","","true","78","spotify:user:","2021-06-17T14:36:26Z"
"spotify:track:4B0JvthVoAAuygILe3n4Bs","What Do You Mean?","spotify:artist:1uNFoZAHBGtllmzznpCI3s","Justin Bieber","spotify:album:6Fr2rQkZ383FcMqFyT7yPr","Purpose (Deluxe)","spotify:artist:1uNFoZAHBGtllmzznpCI3s","Justin Bieber","2015-11-13","https://i.scdn.co/image/ab67616d0000b273f46b9d202509a8f7384b90de","1","3","205680","","false","78","spotify:user:","2021-06-17T14:36:26Z"
"spotify:track:2iuZJX9X9P0GKaE93xcPjk","Sugar","spotify:artist:04gDigrS5kc9YWfZHwBETP","Maroon 5","spotify:album:2Auw0pTT6EcQdvHNimhLQI","V","spotify:artist:04gDigrS5kc9YWfZHwBETP","Maroon 5","2014-09-02","https://i.scdn.co/image/ab67616d0000b273442b53773d50e1b5369bb16c","1","5","235493","","true","81","spotify:user:","2021-06-17T14:36:26Z"
"spotify:track:6DCZcSspjsKoFjzjrWoCdn","God's Plan","spotify:artist:3TVXtAsR1Inumwj472S9r4","Drake","spotify:album:1ATL5GLyefJaxhQzSPVrLX","Scorpion","spotify:artist:3TVXtAsR1Inumwj472S9r4","Drake","2018-06-29","https://i.scdn.co/image/ab67616d0000b273f907de96b9a4fbc04accc0d5","1","5","198973","","true","83","spotify:user:","2021-06-17T14:36:26Z"
"spotify:track:7oK9VyNzrYvRFo7nQEYkWN","Mr. Brightside","spotify:artist:0C0XlULifJtAgn6ZNCW2eu","The Killers","spotify:album:4undIeGmofnAYKhnDclN1w","Hot Fuss","spotify:artist:0C0XlULifJtAgn6ZNCW2eu","The Killers","2004-06-15","https://i.scdn.co/image/ab67616d0000b27356a6d6e493a8f338be63fc49","1","2","222586","","false","76","spotify:user:","2021-06-17T14:36:26Z"
"spotify:track:76hfruVvmfQbw0eYn1nmeC","Cake By The Ocean","spotify:artist:6T5tfhQCknKG4UnH90qGnz","DNCE","spotify:album:3Wv4X8OA65pGpFzBkuUgAh","DNCE","spotify:artist:6T5tfhQCknKG4UnH90qGnz","DNCE","2016-11-18","https://i.scdn.co/image/ab67616d0000b2738d0a75346badc30c8b845be9","1","3","219146","","true","81","spotify:user:","2021-06-17T14:36:26Z"
"spotify:track:1i1fxkWeaMmKEB4T7zqbzK","Don't Let Me Down","spotify:artist:69GGBxA162lTqCwzJG5jLp, spotify:artist:6Dd3NScHWwnW6obMFbl1BH","The Chainsmokers, Daya","spotify:album:2SByipSK8eZ2pasaIwwzhf","Don't Let Me Down","spotify:artist:69GGBxA162lTqCwzJG5jLp","The Chainsmokers","2016-02-05","https://i.scdn.co/image/ab67616d0000b273df7cddc2d32ef9df762d5a30","1","1","208373","https://p.scdn.co/mp3-preview/4f410d4293b502e25df3e782c443d1745382c3da?cid=9950ac751e34487dbbe027c4fd7f8e99","false","80","spotify:user:","2021-06-17T14:36:26Z"
"spotify:track:7BqBn9nzAq8spo5e7cZ0dJ","Just the Way You Are","spotify:artist:0du5cEVh5yTK9QJze8zA0C","Bruno Mars","spotify:album:1uyf3l2d4XYwiEqAb7t7fX","Doo-Wops & Hooligans","spotify:artist:0du5cEVh5yTK9QJze8zA0C","Bruno Mars","2010-10-05","https://i.scdn.co/image/ab67616d0000b27378c6c624a95d1bd02ba1fa02","1","2","220733","https://p.scdn.co/mp3-preview/07c6c33d6426d61ffd2e93d4c06ca599f7761b46?cid=9950ac751e34487dbbe027c4fd7f8e99","false","82","spotify:user:","2021-06-17T14:36:26Z"
"spotify:track:1zB4vmk8tFRmM9UULNzbLB","Thunder","spotify:artist:53XhwfbYqKCa1cC15pYq2q","Imagine Dragons","spotify:album:33pt9HBdGlAbRGBHQgsZsU","Evolve","spotify:artist:53XhwfbYqKCa1cC15pYq2q","Imagine Dragons","2017-06-23","https://i.scdn.co/image/ab67616d0000b2735675e83f707f1d7271e5cf8a","1","10","187146","","false","84","spotify:user:","2021-06-17T14:36:26Z"
"spotify:track:3VlbOrM6nYPprVvzBZllE5","Too Good At Goodbyes","spotify:artist:2wY79sveU1sp5g7SokKOiI","Sam Smith","spotify:album:3XftSbguntyRTBQaGItmfK","The Thrill Of It All (Special Edition)","spotify:artist:2wY79sveU1sp5g7SokKOiI","Sam Smith","2017-11-03","https://i.scdn.co/image/ab67616d0000b273f3ea7140c4a8ba597d0b276b","1","1","201000","","false","73","spotify:user:","2021-06-17T14:36:26Z"
"spotify:track:09CtPGIpYB4BrO8qb1RGsF","Sorry","spotify:artist:1uNFoZAHBGtllmzznpCI3s","Justin Bieber","spotify:album:6Fr2rQkZ383FcMqFyT7yPr","Purpose (Deluxe)","spotify:artist:1uNFoZAHBGtllmzznpCI3s","Justin Bieber","2015-11-13","https://i.scdn.co/image/ab67616d0000b273f46b9d202509a8f7384b90de","1","4","200786","","false","80","spotify:user:","2021-06-17T14:36:26Z"
"spotify:track:2Z8WuEywRWYTKe1NybPQEW","Ride","spotify:artist:3YQKmKGau1PzlVlkL1iodx","Twenty One Pilots","spotify:album:3cQO7jp5S9qLBoIVtbkSM1","Blurryface","spotify:artist:3YQKmKGau1PzlVlkL1iodx","Twenty One Pilots","2015-05-15","https://i.scdn.co/image/ab67616d0000b273de03bfc2991fd5bcfde65ba3","1","3","214506","https://p.scdn.co/mp3-preview/26fc2318d6ebad09ae7aed7adfce2b28413cea7e?cid=9950ac751e34487dbbe027c4fd7f8e99","false","82","spotify:user:","2021-06-17T14:36:26Z"
"spotify:track:3ee8Jmje8o58CHK66QrVC2","SAD!","spotify:artist:15UsOTVnJzReFVN1VCnxy4","XXXTENTACION","spotify:album:2Ti79nwTsont5ZHfdxIzAm","?","spotify:artist:15UsOTVnJzReFVN1VCnxy4","XXXTENTACION","2018-03-16","https://i.scdn.co/image/ab67616d0000b273806c160566580d6335d1f16c","1","4","166605","","true","85","spotify:user:","2021-06-17T14:36:26Z"
"spotify:track:5knuzwU65gJK7IF5yJsuaW","Rockabye (feat. Sean Paul & Anne-Marie)","spotify:artist:6MDME20pz9RveH9rEXvrOM, spotify:artist:3Isy6kedDrgPYoTS1dazA9, spotify:artist:1zNqDE7qDGCsyzJwohVaoX","Clean Bandit, Sean Paul, Anne-Marie","spotify:album:3meZFplbMmji648oWUNEfQ","Rockabye (feat. Sean Paul & Anne-Marie)","spotify:artist:6MDME20pz9RveH9rEXvrOM","Clean Bandit","2016-10-21","https://i.scdn.co/image/ab67616d0000b2731431c3bdf16aa99f71799d95","1","1","251088","https://p.scdn.co/mp3-preview/3c126ba33517e26c879ac10e3099df15c7b2aec0?cid=9950ac751e34487dbbe027c4fd7f8e99","false","77","spotify:user:","2021-06-17T14:36:26Z"
"spotify:track:0pqnGHJpmpxLKifKRmU6WP","Believer","spotify:artist:53XhwfbYqKCa1cC15pYq2q","Imagine Dragons","spotify:album:33pt9HBdGlAbRGBHQgsZsU","Evolve","spotify:artist:53XhwfbYqKCa1cC15pYq2q","Imagine Dragons","2017-06-23","https://i.scdn.co/image/ab67616d0000b2735675e83f707f1d7271e5cf8a","1","4","204346","","false","87","spotify:user:","2021-06-17T14:36:26Z"
"spotify:track:22VdIZQfgXJea34mQxlt81","Can't Feel My Face","spotify:artist:1Xyo4u8uXC1ZmMpatF05PJ","The Weeknd","spotify:album:0P3oVJBFOv3TDXlYRhGL7s","Beauty Behind The Madness","spotify:artist:1Xyo4u8uXC1ZmMpatF05PJ","The Weeknd","2015-08-28","https://i.scdn.co/image/ab67616d0000b2737fcead687e99583072cc217b","1","7","213520","","false","81","spotify:user:","2021-06-17T14:36:26Z"
"spotify:track:7vRriwrloYVaoAe3a9wJHe","i hate u, i love u (feat. olivia o'brien)","spotify:artist:3iri9nBFs9e4wN7PLIetAw, spotify:artist:1QRj3hoop9Mv5VvHQkwPEp","gnash, Olivia O'Brien","spotify:album:3L0H4RjVXpEkwfDgi3XOdf","us","spotify:artist:3iri9nBFs9e4wN7PLIetAw","gnash","2016-03-25","https://i.scdn.co/image/ab67616d0000b27308862f843ea27f44f8e8cbd8","1","6","251033","https://p.scdn.co/mp3-preview/915f200cd1d5ed99ca02c1d290d7729df84b7580?cid=9950ac751e34487dbbe027c4fd7f8e99","true","79","spotify:user:","2021-06-17T14:36:26Z"
"spotify:track:2VxeLyX666F8uXCJ0dZF8B","Shallow","spotify:artist:1HY2Jd0NmPuamShAr6KMms, spotify:artist:4VIvfOurcf0vuLRxLkGnIG","Lady Gaga, Bradley Cooper","spotify:album:4sLtOBOzn4s3GDUv3c5oJD","A Star Is Born Soundtrack","spotify:artist:1HY2Jd0NmPuamShAr6KMms, spotify:artist:4VIvfOurcf0vuLRxLkGnIG","Lady Gaga, Bradley Cooper","2018-10-05","https://i.scdn.co/image/ab67616d0000b273e2d156fdc691f57900134342","1","12","215733","","false","84","spotify:user:","2021-06-17T14:36:26Z"
"spotify:track:0h1W19pS59KtEd7aDzF58i","In My Feelings","spotify:artist:3TVXtAsR1Inumwj472S9r4","Drake","spotify:album:42wvKYHFezpmDuAP43558f","Scorpion","spotify:artist:3TVXtAsR1Inumwj472S9r4","Drake","2018-06-29","https://i.scdn.co/image/ab67616d0000b273c185e37be2a06b5c6f2dc704","2","9","217925","","false","52","spotify:user:","2021-06-17T14:36:26Z"
"spotify:track:4ipnJyDU3Lq15qBAYNqlqK","Mi Gente","spotify:artist:1vyhD5VmyZ7KMfW5gqLgo5, spotify:artist:4RSyJzf7ef6Iu2rnLdabNq","J Balvin, Willy William","spotify:album:1ZJtkYBzRb7drznu3UYb3k","Mi Gente","spotify:artist:1vyhD5VmyZ7KMfW5gqLgo5, spotify:artist:4RSyJzf7ef6Iu2rnLdabNq","J Balvin, Willy William","2017-06-30","https://i.scdn.co/image/ab67616d0000b273dc1e881b8bb3e6ca57e82fcd","1","1","189440","","false","72","spotify:user:","2021-06-17T14:36:26Z"
"spotify:track:50kpGaPAhYJ3sGmk6vplg0","Love Yourself","spotify:artist:1uNFoZAHBGtllmzznpCI3s","Justin Bieber","spotify:album:6Fr2rQkZ383FcMqFyT7yPr","Purpose (Deluxe)","spotify:artist:1uNFoZAHBGtllmzznpCI3s","Justin Bieber","2015-11-13","https://i.scdn.co/image/ab67616d0000b273f46b9d202509a8f7384b90de","1","5","233720","","false","82","spotify:user:","2021-06-17T14:36:26Z"
"spotify:track:7GX5flRQZVHRAGd6B4TmDO","XO Tour Llif3","spotify:artist:4O15NlyKLIASxsJ0PrXPfz","Lil Uzi Vert","spotify:album:733e1ZfktLSwj96X5rsMeE","Luv Is Rage 2","spotify:artist:4O15NlyKLIASxsJ0PrXPfz","Lil Uzi Vert","2017-08-25","https://i.scdn.co/image/ab67616d0000b27341b41e6f7924e530a9b00f9c","1","16","182706","https://p.scdn.co/mp3-preview/7add10ee576e9017030c09aa6d8bcaf682714859?cid=9950ac751e34487dbbe027c4fd7f8e99","true","83","spotify:user:","2021-06-17T14:36:26Z"
"spotify:track:3LlAyCYU26dvFZBDUIMb7a","Demons","spotify:artist:53XhwfbYqKCa1cC15pYq2q","Imagine Dragons","spotify:album:6htgf3qv7vGcsdxLCDxKp8","Night Visions","spotify:artist:53XhwfbYqKCa1cC15pYq2q","Imagine Dragons","2012-09-04","https://i.scdn.co/image/ab67616d0000b273b2b2747c89d2157b0b29fb6a","1","4","175200","","false","73","spotify:user:","2021-06-17T14:36:26Z"
"spotify:track:1rfofaqEpACxVEHIZBJe6W","Havana (feat. Young Thug)","spotify:artist:4nDoRrQiYLoBzwC5BhVJzF, spotify:artist:50co4Is1HCEo8bhOyUWKpn","Camila Cabello, Young Thug","spotify:album:2vD3zSQr8hNlg0obNel4TE","Camila","spotify:artist:4nDoRrQiYLoBzwC5BhVJzF","Camila Cabello","2018-01-12","https://i.scdn.co/image/ab67616d0000b2736eb0b9e73adcf04e4ed3eca4","1","4","217306","https://p.scdn.co/mp3-preview/663b794c2fc8da8f9bbe33698cb1bac567126a23?cid=9950ac751e34487dbbe027c4fd7f8e99","false","81","spotify:user:","2021-06-17T14:36:26Z"
"spotify:track:2JzZzZUQj3Qff7wapcbKjc","See You Again (feat. Charlie Puth)","spotify:artist:137W8MRPWKqSmrBGDBFSop, spotify:artist:6VuMaDnrHyPL1p4EHjYLi7","Wiz Khalifa, Charlie Puth","spotify:album:5FXIqS1XqbpfOKNoi5VUwS","See You Again (feat. Charlie Puth)","spotify:artist:137W8MRPWKqSmrBGDBFSop, spotify:artist:6VuMaDnrHyPL1p4EHjYLi7","Wiz Khalifa, Charlie Puth","2015","https://i.scdn.co/image/ab67616d0000b2734e5df11b17b2727da2b718d8","1","1","229525","https://p.scdn.co/mp3-preview/590bd9bcd6271980f996a447d6e7b0b651cc3dc5?cid=9950ac751e34487dbbe027c4fd7f8e99","false","82","spotify:user:","2021-06-17T14:36:26Z"
"spotify:track:7KXjTSCq5nL1LoYtL7XAwS","HUMBLE.","spotify:artist:2YZyLoL8N0Wb9xBt1NhZWg","Kendrick Lamar","spotify:album:4eLPsYPBmXABThSJ821sqY","DAMN.","spotify:artist:2YZyLoL8N0Wb9xBt1NhZWg","Kendrick Lamar","2017-04-14","https://i.scdn.co/image/ab67616d0000b2738b52c6b9bc4e43d873869699","1","8","177000","","true","82","spotify:user:","2021-06-17T14:36:26Z"
"spotify:track:023OVLNzXhX0j7CxswUt6D","Cheerleader - Felix Jaehn Remix Radio Edit","spotify:artist:5MouCg6ta7zAxsfMEbc1uh","OMI","spotify:album:1QwWTLYn9dntAj7l9FRJwY","Me 4 U","spotify:artist:5MouCg6ta7zAxsfMEbc1uh","OMI","2015-10-16","https://i.scdn.co/image/ab67616d0000b2731c61cec78c70409b783d1480","1","1","180560","https://p.scdn.co/mp3-preview/83a1a4f54f8382c13e3bf48ddb8b4d3cb42fcf09?cid=9950ac751e34487dbbe027c4fd7f8e99","false","68","spotify:user:","2021-06-17T14:36:26Z"
"spotify:track:3CRDbSIZ4r5MsZ0YwxuEkn","Stressed Out","spotify:artist:3YQKmKGau1PzlVlkL1iodx","Twenty One Pilots","spotify:album:3cQO7jp5S9qLBoIVtbkSM1","Blurryface","spotify:artist:3YQKmKGau1PzlVlkL1iodx","Twenty One Pilots","2015-05-15","https://i.scdn.co/image/ab67616d0000b273de03bfc2991fd5bcfde65ba3","1","2","202333","https://p.scdn.co/mp3-preview/0e0951b811f06fea9162eb7e95e4bae4802d97af?cid=9950ac751e34487dbbe027c4fd7f8e99","false","84","spotify:user:","2021-06-17T14:36:26Z"
"spotify:track:3dhjNA0jGA8vHBQ1VdD6vV","I Feel It Coming","spotify:artist:1Xyo4u8uXC1ZmMpatF05PJ, spotify:artist:4tZwfgrHOc3mvqYlEYSvVi","The Weeknd, Daft Punk","spotify:album:2ODvWsOgouMbaA5xf0RkJe","Starboy","spotify:artist:1Xyo4u8uXC1ZmMpatF05PJ","The Weeknd","2016-11-25","https://i.scdn.co/image/ab67616d0000b2734718e2b124f79258be7bc452","1","18","269186","","false","81","spotify:user:","2021-06-17T14:36:26Z"
"spotify:track:0JP9xo3adEtGSdUEISiszL","Moonlight","spotify:artist:15UsOTVnJzReFVN1VCnxy4","XXXTENTACION","spotify:album:2Ti79nwTsont5ZHfdxIzAm","?","spotify:artist:15UsOTVnJzReFVN1VCnxy4","XXXTENTACION","2018-03-16","https://i.scdn.co/image/ab67616d0000b273806c160566580d6335d1f16c","1","3","135090","","true","84","spotify:user:","2021-06-17T14:36:26Z"
"spotify:track:6rPO02ozF3bM7NnOV4h6s2","Despacito - Remix","spotify:artist:4V8Sr092TqfHkfAA5fXXqG, spotify:artist:4VMYDCV2IEDYJArk749S6m, spotify:artist:1uNFoZAHBGtllmzznpCI3s","Luis Fonsi, Daddy Yankee, Justin Bieber","spotify:album:3Gq2Dme9nesdgoqNNlcN8O","Despacito Feat. Justin Bieber (Remix)","spotify:artist:4V8Sr092TqfHkfAA5fXXqG, spotify:artist:4VMYDCV2IEDYJArk749S6m","Luis Fonsi, Daddy Yankee","2017-04-17","https://i.scdn.co/image/ab67616d0000b273a6a335d613d151c626895a83","1","1","228826","","false","74","spotify:user:","2021-06-17T14:36:26Z"
"spotify:track:0tgVpDi06FyKpA1z0VMD4v","Perfect","spotify:artist:6eUKZXaKkcviH0Ku9w2n3V","Ed Sheeran","spotify:album:3T4tUhGYeRNVUGevb0wThu","÷ (Deluxe)","spotify:artist:6eUKZXaKkcviH0Ku9w2n3V","Ed Sheeran","2017-03-03","https://i.scdn.co/image/ab67616d0000b273ba5db46f4b838ef6027e6f96","1","5","263400","https://p.scdn.co/mp3-preview/9779493d90a47f29e4257aa45bc6146d1ee9cb26?cid=9950ac751e34487dbbe027c4fd7f8e99","false","87","spotify:user:","2021-06-17T14:36:26Z"
"spotify:track:5kqIPrATaCc2LqxVWzQGbk","7 Years","spotify:artist:25u4wHJWxCA9vO0CzxAbK7","Lukas Graham","spotify:album:4rFrdkSWs0dtj0rWPzOk1v","Lukas Graham","spotify:artist:25u4wHJWxCA9vO0CzxAbK7","Lukas Graham","2016-04-01","https://i.scdn.co/image/ab67616d0000b2732d94d0f04e9a58d1654b760b","1","1","237300","https://p.scdn.co/mp3-preview/3261944a4e12e2c7bee9266b1b14558e71a97964?cid=9950ac751e34487dbbe027c4fd7f8e99","false","80","spotify:user:","2021-06-17T14:36:26Z"
"spotify:track:1CS7Sd1u5tWkstBhpssyjP","Take Me to Church","spotify:artist:2FXC3k01G6Gw61bmprjgqS","Hozier","spotify:album:4Pv7m8D82A1Xun7xNCKZjJ","Hozier (Expanded Edition)","spotify:artist:2FXC3k01G6Gw61bmprjgqS","Hozier","2014-09-19","https://i.scdn.co/image/ab67616d0000b2734ca68d59a4a29c856a4a39c2","1","1","241693","https://p.scdn.co/mp3-preview/cdbb37ee18245800e331528fd781bac388da9254?cid=9950ac751e34487dbbe027c4fd7f8e99","false","75","spotify:user:","2021-06-17T14:36:26Z"
"spotify:track:1WkMMavIMc4JZ8cfMmxHkI","CAN'T STOP THE FEELING! (Original Song from DreamWorks Animation's ""TROLLS"")","spotify:artist:31TPClRtHm23RisEBtV3X7","Justin Timberlake","spotify:album:65ayND23IInUPHJKsaAqe7","TROLLS (Original Motion Picture Soundtrack)","spotify:artist:05S6yFOzexsgurWstJlBqK","Trolls","2016-09-23","https://i.scdn.co/image/ab67616d0000b273d965d29d7dcf46ade5a8a7e4","1","2","237546","https://p.scdn.co/mp3-preview/8a0ad558d8c75abc3b5e320bc52f264f654eccbd?cid=9950ac751e34487dbbe027c4fd7f8e99","false","74","spotify:user:","2021-06-17T14:36:26Z"
"spotify:track:3S4px9f4lceWdKf0gWciFu","Cheap Thrills","spotify:artist:5WUlDfRSoLAfcVSX1WnrxN","Sia","spotify:album:2eV6DIPDnGl1idcjww6xyX","This Is Acting (Deluxe Version)","spotify:artist:5WUlDfRSoLAfcVSX1WnrxN","Sia","2016-10-21","https://i.scdn.co/image/ab67616d0000b273754b2fddebe7039fdb912837","1","6","211666","https://p.scdn.co/mp3-preview/88816b2040a092aa99d5b0e42945d79dc5027c1a?cid=9950ac751e34487dbbe027c4fd7f8e99","false","72","spotify:user:","2021-06-17T14:36:26Z"
"spotify:track:6i0V12jOa3mr6uu4WYhUBr","Heathens","spotify:artist:3YQKmKGau1PzlVlkL1iodx","Twenty One Pilots","spotify:album:3J8W9AOjQhnBLCX33m3atT","Heathens","spotify:artist:3YQKmKGau1PzlVlkL1iodx","Twenty One Pilots","2016-06-16","https://i.scdn.co/image/ab67616d0000b2732ca3ba8f334ca5a5f0312efb","1","1","195920","https://p.scdn.co/mp3-preview/cd5173acb956b9f442c67bafd2ec637a898ab172?cid=9950ac751e34487dbbe027c4fd7f8e99","false","82","spotify:user:","2021-06-17T14:36:26Z"
"spotify:track:1HNkqx9Ahdgi1Ixy2xkKkL","Photograph","spotify:artist:6eUKZXaKkcviH0Ku9w2n3V","Ed Sheeran","spotify:album:1xn54DMo2qIqBuMqHtUsFd","x (Deluxe Edition)","spotify:artist:6eUKZXaKkcviH0Ku9w2n3V","Ed Sheeran","2014-06-21","https://i.scdn.co/image/ab67616d0000b27313b3e37318a0c247b550bccd","1","6","258986","https://p.scdn.co/mp3-preview/097c7b735ceb410943cbd507a6e1dfda272fd8a8?cid=9950ac751e34487dbbe027c4fd7f8e99","false","84","spotify:user:","2021-06-17T14:36:26Z"
"spotify:track:7m9OqQk4RVRkw9JJdeAw96","Jocelyn Flores","spotify:artist:15UsOTVnJzReFVN1VCnxy4","XXXTENTACION","spotify:album:5VdyJkLe3yvOs0l4xXbWp0","17","spotify:artist:15UsOTVnJzReFVN1VCnxy4","XXXTENTACION","2017-08-25","https://i.scdn.co/image/ab67616d0000b273203c89bd4391468eea4cc3f5","1","2","119133","https://p.scdn.co/mp3-preview/9fd5ccc86f318c303d582800e9f7d6f07f40440b?cid=9950ac751e34487dbbe027c4fd7f8e99","true","86","spotify:user:","2021-06-17T14:36:26Z"
"spotify:track:1Lim1Py7xBgbAkAys3AGAG","Lean On","spotify:artist:738wLrAtLtCtFOLvQBXOXp, spotify:artist:0bdfiayQAKewqEvaU6rXCv, spotify:artist:540vIaP2JwjQb9dm3aArA4","Major Lazer, MØ, DJ Snake","spotify:album:4pCLlUxlKj3pNVdBtFyhrU","Peace Is The Mission (Extended)","spotify:artist:738wLrAtLtCtFOLvQBXOXp, spotify:artist:5fMUXHkw8R8eOP2RNVYEZX","Major Lazer, Diplo","2015-11-27","https://i.scdn.co/image/ab67616d0000b273548910835dbfaf3f79a1dc46","1","4","176561","https://p.scdn.co/mp3-preview/a2fb514286bfd42f6b823f29ec3d965d90b89fb4?cid=9950ac751e34487dbbe027c4fd7f8e99","false","73","spotify:user:","2021-06-17T14:36:26Z"
"spotify:track:1EzrEOXmMH3G43AXT1y7pA","I'm Yours","spotify:artist:4phGZZrJZRo4ElhRtViYdl","Jason Mraz","spotify:album:04G0YylSjvDQZrjOfE5jA5","We Sing. We Dance. We Steal Things.","spotify:artist:4phGZZrJZRo4ElhRtViYdl","Jason Mraz","2008-05-12","https://i.scdn.co/image/ab67616d0000b273160074c4d30216702688437c","1","2","242186","https://p.scdn.co/mp3-preview/c58f1bc9160754337b858a4eb824a6ac2321041d?cid=9950ac751e34487dbbe027c4fd7f8e99","false","82","spotify:user:","2021-06-17T14:36:26Z"
"spotify:track:7w87IxuO7BDcJ3YUqCyMTT","Pumped Up Kicks","spotify:artist:7gP3bB2nilZXLfPHJhMdvc","Foster The People","spotify:album:7Kmmw7Z5D2UD5MVwdm10sT","Torches","spotify:artist:7gP3bB2nilZXLfPHJhMdvc","Foster The People","2011-05-23","https://i.scdn.co/image/ab67616d0000b273121d5f92cf90576907dfb1e5","1","2","239600","https://p.scdn.co/mp3-preview/db83e69f4ef8a49f5b77e367f7031cc3bcc41b1a?cid=9950ac751e34487dbbe027c4fd7f8e99","false","84","spotify:user:","2021-06-17T14:36:26Z"
"spotify:track:7gHs73wELdeycvS48JfIos","Faded","spotify:artist:7vk5e3vY1uw9plTHJAMwjN","Alan Walker","spotify:album:5HMjpBO0v78ayq5lreAyDd","Faded","spotify:artist:7vk5e3vY1uw9plTHJAMwjN","Alan Walker","2015-12-04","https://i.scdn.co/image/ab67616d0000b273c4d00cac55ae1b4598c9bc90","1","1","212626","https://p.scdn.co/mp3-preview/224777f7277a3a2259723b8fee826e67d3213df9?cid=9950ac751e34487dbbe027c4fd7f8e99","false","74","spotify:user:","2021-06-17T14:36:26Z"
"spotify:track:72TFWvU3wUYdUuxejTTIzt","Work","spotify:artist:5pKCCKE2ajJHZ9KAiaK11H, spotify:artist:3TVXtAsR1Inumwj472S9r4","Rihanna, Drake","spotify:album:4UlGauD7ROb3YbVOFMgW5u","ANTI (Deluxe)","spotify:artist:5pKCCKE2ajJHZ9KAiaK11H","Rihanna","2016-01-28","https://i.scdn.co/image/ab67616d0000b27333c6b920eabcf4c00d7a1093","1","4","219320","","true","77","spotify:user:","2021-06-17T14:36:26Z"
"spotify:track:6De0lHrwBfPfrhorm9q1Xl","Me Rehúso","spotify:artist:5H1nN1SzW0qNeUEZvuXjAj","Danny Ocean","spotify:album:4RrvIEhnaHKpFxsjXc4D7d","Me Rehúso","spotify:artist:5H1nN1SzW0qNeUEZvuXjAj","Danny Ocean","2017-06-16","https://i.scdn.co/image/ab67616d0000b273a75bd33684083600569dd3bf","1","1","205714","https://p.scdn.co/mp3-preview/e44589534ea9a8956c0305e1545977ae8a1a482c?cid=9950ac751e34487dbbe027c4fd7f8e99","false","78","spotify:user:","2021-06-17T14:36:26Z"
"spotify:track:0JmiBCpWc1IAc0et7Xm7FL","Let Her Go","spotify:artist:0gadJ2b9A4SKsB1RFkBb66","Passenger","spotify:album:0yWveEIgWbV3oPq4ZA6BAj","All the Little Lights (Deluxe Version)","spotify:artist:0gadJ2b9A4SKsB1RFkBb66","Passenger","2013-02-17","https://i.scdn.co/image/ab67616d0000b273a7c10595167c713a2df0f187","1","2","252733","https://p.scdn.co/mp3-preview/a68112e688e6b742b91ebcc3bf6e1525f87ff08f?cid=9950ac751e34487dbbe027c4fd7f8e99","false","76","spotify:user:","2021-06-17T14:36:26Z"
"spotify:track:3U4isOIWM3VvDubwSI3y7a","All of Me","spotify:artist:5y2Xq6xcjJb2jVM54GHK3t","John Legend","spotify:album:4OTAx9un4e6NfoHuVRiOrC","Love In The Future (Expanded Edition)","spotify:artist:5y2Xq6xcjJb2jVM54GHK3t","John Legend","2013-08-30","https://i.scdn.co/image/ab67616d0000b27394c9217a398f5174757c0c78","1","6","269560","https://p.scdn.co/mp3-preview/488c53471e56ff9f629652691444438951e880bb?cid=9950ac751e34487dbbe027c4fd7f8e99","false","86","spotify:user:","2021-06-17T14:36:26Z"
"spotify:track:0VgkVdmE4gld66l8iyGjgx","Mask Off","spotify:artist:1RyvyyTE3xzB2ZywiAwp0i","Future","spotify:album:17FBoXK1NU2rvJBbzdzw0r","FUTURE","spotify:artist:1RyvyyTE3xzB2ZywiAwp0i","Future","2017-06-30","https://i.scdn.co/image/ab67616d0000b273e0b64c8be3c4e804abcb2696","1","7","204600","https://p.scdn.co/mp3-preview/0519fc7c44d418ca6c721d9aa83e9597065288e1?cid=9950ac751e34487dbbe027c4fd7f8e99","true","82","spotify:user:","2021-06-17T14:36:26Z"
"spotify:track:5FVd6KXrgO9B3JPmC8OPst","Do I Wanna Know?","spotify:artist:7Ln80lUS6He07XvHI8qqHH","Arctic Monkeys","spotify:album:78bpIziExqiI9qztvNFlQu","AM","spotify:artist:7Ln80lUS6He07XvHI8qqHH","Arctic Monkeys","2013-09-09","https://i.scdn.co/image/ab67616d0000b2734ae1c4c5c45aabe565499163","1","1","272394","https://p.scdn.co/mp3-preview/73e00a0a59c897b16d0fe30df43f7aeb2997079d?cid=9950ac751e34487dbbe027c4fd7f8e99","false","85","spotify:user:","2021-06-17T14:36:26Z"
"spotify:track:2s1sdSqGcKxpPr5lCl7jAV","Chandelier","spotify:artist:5WUlDfRSoLAfcVSX1WnrxN","Sia","spotify:album:6FdNvoO5sF4EKwCX9je1MH","1000 Forms Of Fear (Deluxe Version)","spotify:artist:5WUlDfRSoLAfcVSX1WnrxN","Sia","2015-05-04","https://i.scdn.co/image/ab67616d0000b273b55ed804149fffbb5e35ff34","1","1","216120","https://p.scdn.co/mp3-preview/f1898cf5fd5640d4f0d7faafa6c572fc29db3db6?cid=9950ac751e34487dbbe027c4fd7f8e99","false","70","spotify:user:","2021-06-17T14:36:26Z"
"spotify:track:32OlwWuMpZ6b0aN2RZOeMS","Uptown Funk (feat. Bruno Mars)","spotify:artist:3hv9jJF3adDNsBSIQDqcjp, spotify:artist:0du5cEVh5yTK9QJze8zA0C","Mark Ronson, Bruno Mars","spotify:album:3vLaOYCNCzngDf8QdBg2V1","Uptown Special","spotify:artist:3hv9jJF3adDNsBSIQDqcjp","Mark Ronson","2015-01-12","https://i.scdn.co/image/ab67616d0000b273e419ccba0baa8bd3f3d7abf2","1","4","269666","https://p.scdn.co/mp3-preview/f33e7b185ab89fc1eb78cf9b023213c94f7c05a1?cid=9950ac751e34487dbbe027c4fd7f8e99","false","83","spotify:user:","2021-06-17T14:36:26Z"
"spotify:track:0E9ZjEAyAwOXZ7wJC0PD33","In My Mind","spotify:artist:3v6Ji4uoWtKRkhuDUaxi9n, spotify:artist:1OAjDaKgg00KCUYqDe68un","Dynoro, Gigi D'Agostino","spotify:album:1c79SozES9Eb3Lzf9KVaIa","In My Mind","spotify:artist:3v6Ji4uoWtKRkhuDUaxi9n, spotify:artist:1OAjDaKgg00KCUYqDe68un","Dynoro, Gigi D'Agostino","2018-06-08","https://i.scdn.co/image/ab67616d0000b27328a8a05c3a7ba952c7615ab9","1","1","184560","https://p.scdn.co/mp3-preview/93c16bb3fc2389f39db64a559ddac0d84bb15e4b?cid=9950ac751e34487dbbe027c4fd7f8e99","false","81","spotify:user:","2021-06-17T14:36:26Z"
"spotify:track:5Nm9ERjJZ5oyfXZTECKmRt","Stay With Me","spotify:artist:2wY79sveU1sp5g7SokKOiI","Sam Smith","spotify:album:08jWgM4vSkTose4blKBWov","In The Lonely Hour","spotify:artist:2wY79sveU1sp5g7SokKOiI","Sam Smith","2014-05-26","https://i.scdn.co/image/ab67616d0000b273b11bdc91cb9ac6b14f5c1dae","1","3","172723","","false","82","spotify:user:","2021-06-17T14:36:26Z"
"spotify:track:4xkOaSrkexMciUUogZKVTS","'Till I Collapse","spotify:artist:7dGJo4pcD2V6oG8kP0tJRR, spotify:artist:1Oa0bMld0A3u5OTYfMzp5h","Eminem, Nate Dogg","spotify:album:2cWBwpqMsDJC1ZUwz813lo","The Eminem Show","spotify:artist:7dGJo4pcD2V6oG8kP0tJRR","Eminem","2002-05-26","https://i.scdn.co/image/ab67616d0000b2736ca5c90113b30c3c43ffb8f4","1","18","297786","","true","84","spotify:user:","2021-06-17T14:36:26Z"
"spotify:track:4G8gkOterJn0Ywt6uhqbhp","Radioactive","spotify:artist:53XhwfbYqKCa1cC15pYq2q","Imagine Dragons","spotify:album:6htgf3qv7vGcsdxLCDxKp8","Night Visions","spotify:artist:53XhwfbYqKCa1cC15pYq2q","Imagine Dragons","2012-09-04","https://i.scdn.co/image/ab67616d0000b273b2b2747c89d2157b0b29fb6a","1","1","186813","","false","73","spotify:user:","2021-06-17T14:36:26Z"
"spotify:track:1zwMYTA5nlNjZxYrvBB2pV","Someone Like You","spotify:artist:4dpARuHxo51G3z768sgnrY","Adele","spotify:album:0Lg1uZvI312TPqxNWShFXL","21","spotify:artist:4dpARuHxo51G3z768sgnrY","Adele","2011-01-24","https://i.scdn.co/image/ab67616d0000b273dedc7f921f6d6d23890683b6","1","11","285240","https://p.scdn.co/mp3-preview/ea92c058cb3df0cc9c4614b9de6c4b94c9d17f56?cid=9950ac751e34487dbbe027c4fd7f8e99","false","78","spotify:user:","2021-06-17T14:36:26Z"
"spotify:track:34gCuhDGsG4bRPIf9bb02f","Thinking out Loud","spotify:artist:6eUKZXaKkcviH0Ku9w2n3V","Ed Sheeran","spotify:album:1xn54DMo2qIqBuMqHtUsFd","x (Deluxe Edition)","spotify:artist:6eUKZXaKkcviH0Ku9w2n3V","Ed Sheeran","2014-06-21","https://i.scdn.co/image/ab67616d0000b27313b3e37318a0c247b550bccd","1","11","281560","https://p.scdn.co/mp3-preview/7fba47d0806142cb34ad2080a5f139eba915fe05?cid=9950ac751e34487dbbe027c4fd7f8e99","false","83","spotify:user:","2021-06-17T14:36:26Z"
"spotify:track:4bHsxqR3GMrXTxEPLuK5ue","Don't Stop Believin'","spotify:artist:0rvjqX7ttXeg3mTy8Xscbt","Journey","spotify:album:43wpzak9OmQfrjyksuGwp0","Escape","spotify:artist:0rvjqX7ttXeg3mTy8Xscbt","Journey","1981","https://i.scdn.co/image/ab67616d0000b273c5653f9038e42efad2f8a266","1","1","250986","https://p.scdn.co/mp3-preview/21b9abd3cd2eea634e17a917196fdd5ba2e82670?cid=9950ac751e34487dbbe027c4fd7f8e99","false","81","spotify:user:","2021-06-17T14:36:26Z"
"spotify:track:6habFhsOp2NvshLv26DqMb","Despacito","spotify:artist:4V8Sr092TqfHkfAA5fXXqG, spotify:artist:4VMYDCV2IEDYJArk749S6m","Luis Fonsi, Daddy Yankee","spotify:album:5C0YLr4OoRGFDaqdMQmkeH","VIDA","spotify:artist:4V8Sr092TqfHkfAA5fXXqG","Luis Fonsi","2019-02-01","https://i.scdn.co/image/ab67616d0000b273ef0d4234e1a645740f77d59c","1","9","229360","","false","80","spotify:user:","2021-06-17T14:36:26Z"
"spotify:track:60a0Rd6pjrkxjPbaKzXjfq","In the End","spotify:artist:6XyY86QOPPrYVGvF9ch6wz","Linkin Park","spotify:album:6hPkbAV3ZXpGZBGUvL6jVM","Hybrid Theory (Bonus Edition)","spotify:artist:6XyY86QOPPrYVGvF9ch6wz","Linkin Park","2000-10-24","https://i.scdn.co/image/ab67616d0000b273e2f039481babe23658fc719a","1","8","216880","https://p.scdn.co/mp3-preview/6ce8bcf317e8c562f348ea22c846846b5b70e8d9?cid=9950ac751e34487dbbe027c4fd7f8e99","false","84","spotify:user:","2021-06-17T14:36:26Z"
"spotify:track:7hQJA50XrCWABAu5v6QZ4i","Don't Stop Me Now - Remastered 2011","spotify:artist:1dfeR4HaWDbWqFHLkxsg1d","Queen","spotify:album:21HMAUrbbYSj9NiPPlGumy","Jazz (Deluxe Remastered Version)","spotify:artist:1dfeR4HaWDbWqFHLkxsg1d","Queen","1978-11-10","https://i.scdn.co/image/ab67616d0000b273008b06ec71019afd70153889","1","12","209413","","false","74","spotify:user:","2021-06-17T14:36:26Z"
"spotify:track:75JFxkI2RXiU7L9VXzMkle","The Scientist","spotify:artist:4gzpq5DPGxSnKTe4SA8HAU","Coldplay","spotify:album:0RHX9XECH8IVI3LNgWDpmQ","A Rush of Blood to the Head","spotify:artist:4gzpq5DPGxSnKTe4SA8HAU","Coldplay","2002-08-08","https://i.scdn.co/image/ab67616d0000b27390afd8e4ec6d787114ed6c40","1","4","309600","https://p.scdn.co/mp3-preview/629609b84c9e4a008385440d9908d89e622b5fa1?cid=9950ac751e34487dbbe027c4fd7f8e99","false","83","spotify:user:","2021-06-17T14:36:26Z"
"spotify:track:7795WJLVKJoAyVoOtCWqXN","I'm Not The Only One","spotify:artist:2wY79sveU1sp5g7SokKOiI","Sam Smith","spotify:album:08jWgM4vSkTose4blKBWov","In The Lonely Hour","spotify:artist:2wY79sveU1sp5g7SokKOiI","Sam Smith","2014-05-26","https://i.scdn.co/image/ab67616d0000b273b11bdc91cb9ac6b14f5c1dae","1","5","239316","","false","81","spotify:user:","2021-06-17T14:36:26Z"
"spotify:track:5Z01UMMf7V1o0MzF86s6WJ","Lose Yourself - From ""8 Mile"" Soundtrack","spotify:artist:7dGJo4pcD2V6oG8kP0tJRR","Eminem","spotify:album:5qENHeCSlwWpEzb25peRmQ","Curtain Call: The Hits (Deluxe Edition)","spotify:artist:7dGJo4pcD2V6oG8kP0tJRR","Eminem","2005-12-06","https://i.scdn.co/image/ab67616d0000b273eab40fc794b88b9d1e012578","1","6","326466","","true","76","spotify:user:","2021-06-17T14:36:26Z"
"spotify:track:1qPbGZqppFwLwcBC1JQ6Vr","Wonderwall","spotify:artist:2DaxqgrOhkeH0fpeiQq2f4","Oasis","spotify:album:2u30gztZTylY4RG7IvfXs8","(What's The Story) Morning Glory?","spotify:artist:2DaxqgrOhkeH0fpeiQq2f4","Oasis","1995-10-02","https://i.scdn.co/image/ab67616d0000b2732f2eeee9b405f4d00428d84c","1","3","258906","https://p.scdn.co/mp3-preview/51fe5f9383a662f8b50caf8a0dfe1d577a43e93f?cid=9950ac751e34487dbbe027c4fd7f8e99","false","70","spotify:user:","2021-06-17T14:36:26Z"
"spotify:track:4sPmO7WMQUAf45kwMOtONw","Hello","spotify:artist:4dpARuHxo51G3z768sgnrY","Adele","spotify:album:0K4pIOOsfJ9lK8OjrZfXzd","25","spotify:artist:4dpARuHxo51G3z768sgnrY","Adele","2016-06-24","https://i.scdn.co/image/ab67616d0000b2734c3bbcff5e7248e415548f12","1","1","295493","","false","9","spotify:user:","2021-06-17T14:36:26Z"
"spotify:track:5HkFTCxSeJ3kGNyQJbT4rJ","Another One Bites The Dust","spotify:artist:1dfeR4HaWDbWqFHLkxsg1d","Queen","spotify:album:2vDNi8F9UpSCaBHeKQ3nzh","Greatest Hits","spotify:artist:1dfeR4HaWDbWqFHLkxsg1d","Queen","1981-10-26","https://i.scdn.co/image/ab67616d0000b273f17b3bda655e0f961cd40a5d","1","3","215933","","false","56","spotify:user:","2021-06-17T14:36:26Z"
"spotify:track:2374M0fQpWi3dLnB54qaLX","Africa","spotify:artist:0PFtn5NtBbbUNbU9EAmIWF","TOTO","spotify:album:62U7xIHcID94o20Of5ea4D","Toto IV","spotify:artist:0PFtn5NtBbbUNbU9EAmIWF","TOTO","1982-04-08","https://i.scdn.co/image/ab67616d0000b2734a052b99c042dc15f933145b","1","10","295893","https://p.scdn.co/mp3-preview/4551544dbf630ad584de356432e8afbd84b96914?cid=9950ac751e34487dbbe027c4fd7f8e99","false","83","spotify:user:","2021-06-17T14:36:26Z"
"spotify:track:6AWe04n4zsYkGKb3Pf7LMk","Bohemian Rhapsody - 2011 Remaster","spotify:artist:1dfeR4HaWDbWqFHLkxsg1d","Queen","spotify:album:3BHe7LbW5yRjyqXNJ3A6mW","Bohemian Rhapsody (The Original Soundtrack)","spotify:artist:1dfeR4HaWDbWqFHLkxsg1d","Queen","2018-10-19","https://i.scdn.co/image/ab67616d0000b27328581cfe196c266c132a9d62","1","7","354947","","false","50","spotify:user:","2021-06-17T14:36:26Z"
